id,votes
constituency_10_1_1,14368
constituency_10_1_2,979
constituency_10_1_3,244
constituency_10_1_4,351
constituency_10_1_5,34167
constituency_10_1_6,2075
constituency_10_1_7,1023
constituency_10_1_8,6030
constituency_10_1_9,14813
constituency_10_1_10,168
constituency_10_1_11,629
constituency_10_1_12,1133
constituency_10_1_13,113
constituency_10_1_14,94
constituency_10_1_15,165
constituency_10_1_16,489
constituency_10_1_17,154
constituency_10_1_18,80
constituency_10_10_1,2012
constituency_10_10_2,6372
constituency_10_10_3,282
constituency_10_10_4,503
constituency_10_10_5,19047
constituency_10_10_6,41804
constituency_10_10_7,495
constituency_10_10_8,1437
constituency_10_10_9,9440
constituency_10_10_10,461
constituency_10_10_11,545
constituency_10_10_12,583
constituency_10_10_13,7925
constituency_10_10_14,636
constituency_10_10_15,203
constituency_10_10_16,168
constituency_10_11_1,296
constituency_10_11_2,332
constituency_10_11_3,180
constituency_10_11_4,996
constituency_10_11_5,413
constituency_10_11_6,696
constituency_10_11_7,951
constituency_10_11_8,203
constituency_10_11_9,104
constituency_10_11_10,184
constituency_10_11_11,620
constituency_10_11_12,996
constituency_10_11_13,498
constituency_10_11_14,3839
constituency_10_11_15,38779
constituency_10_11_16,369
constituency_10_11_17,589
constituency_10_11_18,60
constituency_10_12_1,434
constituency_10_12_2,721
constituency_10_12_3,368
constituency_10_12_4,298
constituency_10_12_5,452
constituency_10_12_6,9527
constituency_10_12_7,1183
constituency_10_12_8,430
constituency_10_12_9,4142
constituency_10_12_10,267
constituency_10_12_11,1776
constituency_10_12_12,15095
constituency_10_12_13,16106
constituency_10_12_14,1770
constituency_10_12_15,49925
constituency_10_12_16,945
constituency_10_13_1,1413
constituency_10_13_2,10752
constituency_10_13_3,15227
constituency_10_13_4,325
constituency_10_13_5,438
constituency_10_13_6,1082
constituency_10_13_7,44511
constituency_10_13_8,11428
constituency_10_13_9,1323
constituency_10_13_10,0
constituency_10_13_11,1887
constituency_10_13_12,252
constituency_10_13_13,775
constituency_10_13_14,807
constituency_10_13_15,157
constituency_10_14_1,8186
constituency_10_14_2,10848
constituency_10_14_3,485
constituency_10_14_4,291
constituency_10_14_5,213
constituency_10_14_6,571
constituency_10_14_7,352
constituency_10_14_8,1199
constituency_10_14_9,1299
constituency_10_14_10,1333
constituency_10_14_11,694
constituency_10_14_12,354
constituency_10_14_13,25491
constituency_10_14_14,41528
constituency_10_14_15,146
constituency_10_14_16,477
constituency_10_16_1,467
constituency_10_16_2,15424
constituency_10_16_3,626
constituency_10_16_4,1660
constituency_10_16_5,1648
constituency_10_16_6,824
constituency_10_16_7,15340
constituency_10_16_8,8442
constituency_10_16_9,1317
constituency_10_16_10,46021
constituency_10_16_11,1112
constituency_10_16_12,747
constituency_10_16_13,286
constituency_10_16_14,153
constituency_10_16_15,151
constituency_10_17_1,5611
constituency_10_17_2,419
constituency_10_17_3,358
constituency_10_17_4,16132
constituency_10_17_5,773
constituency_10_17_6,12311
constituency_10_17_7,745
constituency_10_17_8,1604
constituency_10_17_9,1967
constituency_10_17_10,28587
constituency_10_17_11,864
constituency_10_17_12,499
constituency_10_17_13,246
constituency_10_17_14,222
constituency_10_17_15,1382
constituency_10_18_1,496
constituency_10_18_2,338
constituency_10_18_3,359
constituency_10_18_4,20414
constituency_10_18_5,8326
constituency_10_18_6,1781
constituency_10_18_7,6654
constituency_10_18_8,372
constituency_10_18_9,3260
constituency_10_18_10,34738
constituency_10_18_11,1732
constituency_10_18_12,171
constituency_10_18_13,210
constituency_10_18_14,225
constituency_10_18_15,285
constituency_10_18_16,436
constituency_10_18_17,196
constituency_10_18_18,211
constituency_10_19_1,13271
constituency_10_19_2,924
constituency_10_19_3,579
constituency_10_19_4,772
constituency_10_19_5,2415
constituency_10_19_6,42820
constituency_10_19_7,546
constituency_10_19_8,377
constituency_10_19_9,17802
constituency_10_19_10,1607
constituency_10_19_11,10234
constituency_10_19_12,269
constituency_10_19_13,345
constituency_10_19_14,230
constituency_10_2_1,402
constituency_10_2_2,39499
constituency_10_2_3,737
constituency_10_2_4,15949
constituency_10_2_5,5652
constituency_10_2_6,844
constituency_10_2_7,1684
constituency_10_2_8,590
constituency_10_2_9,1358
constituency_10_2_10,385
constituency_10_2_11,14613
constituency_10_2_12,306
constituency_10_2_13,933
constituency_10_2_14,807
constituency_10_2_15,115
constituency_10_20_1,1135
constituency_10_20_2,7771
constituency_10_20_3,207
constituency_10_20_4,287
constituency_10_20_5,424
constituency_10_20_6,1018
constituency_10_20_7,34941
constituency_10_20_8,298
constituency_10_20_9,1483
constituency_10_20_10,308
constituency_10_20_11,27474
constituency_10_20_12,1229
constituency_10_20_13,4139
constituency_10_20_14,1221
constituency_10_21_1,0
constituency_10_21_2,0
constituency_10_21_3,0
constituency_10_21_4,0
constituency_10_21_5,0
constituency_10_21_6,0
constituency_10_21_7,6039
constituency_10_21_8,45951
constituency_10_21_9,1060
constituency_10_21_10,1153
constituency_10_21_11,827
constituency_10_21_12,267
constituency_10_21_13,217
constituency_10_21_14,21155
constituency_10_21_15,494
constituency_10_22_1,42264
constituency_10_22_2,17486
constituency_10_22_3,9244
constituency_10_22_4,7036
constituency_10_22_5,2983
constituency_10_22_6,1705
constituency_10_22_7,1491
constituency_10_22_8,1130
constituency_10_22_9,786
constituency_10_22_10,425
constituency_10_22_11,368
constituency_10_22_12,253
constituency_10_22_13,205
constituency_10_22_14,182
constituency_10_23_1,17592
constituency_10_23_2,201
constituency_10_23_3,184
constituency_10_23_4,325
constituency_10_23_5,319
constituency_10_23_6,1004
constituency_10_23_7,755
constituency_10_23_8,290
constituency_10_23_9,1660
constituency_10_23_10,203
constituency_10_23_11,9292
constituency_10_23_12,1896
constituency_10_23_13,298
constituency_10_23_14,1529
constituency_10_23_15,46782
constituency_10_23_16,464
constituency_10_23_17,10876
constituency_10_23_18,563
constituency_10_24_1,492
constituency_10_24_2,514
constituency_10_24_3,285
constituency_10_24_4,6401
constituency_10_24_5,15300
constituency_10_24_6,46415
constituency_10_24_7,13371
constituency_10_24_8,1758
constituency_10_24_9,2509
constituency_10_24_10,819
constituency_10_24_11,1001
constituency_10_24_12,280
constituency_10_24_13,211
constituency_10_25_1,1335
constituency_10_25_2,7071
constituency_10_25_3,10493
constituency_10_25_4,21904
constituency_10_25_5,581
constituency_10_25_6,688
constituency_10_25_7,37035
constituency_10_25_8,357
constituency_10_25_9,980
constituency_10_25_10,179
constituency_10_25_11,424
constituency_10_25_12,2493
constituency_10_25_13,407
constituency_10_25_14,165
constituency_10_26_1,44271
constituency_10_26_2,486
constituency_10_26_3,421
constituency_10_26_4,2506
constituency_10_26_5,1562
constituency_10_26_6,8425
constituency_10_26_7,16727
constituency_10_26_8,810
constituency_10_26_9,1359
constituency_10_26_10,11584
constituency_10_26_11,1422
constituency_10_26_12,222
constituency_10_26_13,118
constituency_10_26_14,124
constituency_10_27_1,26986
constituency_10_27_2,7490
constituency_10_27_3,317
constituency_10_27_4,384
constituency_10_27_5,6640
constituency_10_27_6,706
constituency_10_27_7,43046
constituency_10_27_8,524
constituency_10_27_9,2202
constituency_10_27_10,493
constituency_10_27_11,1422
constituency_10_27_12,171
constituency_10_28_1,47692
constituency_10_28_2,13153
constituency_10_28_3,12310
constituency_10_28_4,7586
constituency_10_28_5,2236
constituency_10_28_6,2071
constituency_10_28_7,1831
constituency_10_28_8,1609
constituency_10_28_9,1033
constituency_10_28_10,870
constituency_10_28_11,688
constituency_10_28_12,299
constituency_10_28_13,182
constituency_10_29_1,548
constituency_10_29_2,373
constituency_10_29_3,46402
constituency_10_29_4,16836
constituency_10_29_5,13062
constituency_10_29_6,2211
constituency_10_29_7,1757
constituency_10_29_8,8987
constituency_10_29_9,3379
constituency_10_29_10,370
constituency_10_29_11,865
constituency_10_29_12,287
constituency_10_29_13,162
constituency_10_29_14,532
constituency_10_29_15,338
constituency_10_29_16,139
constituency_10_3_1,665
constituency_10_3_2,6665
constituency_10_3_3,19167
constituency_10_3_4,571
constituency_10_3_5,545
constituency_10_3_6,1308
constituency_10_3_7,489
constituency_10_3_8,375
constituency_10_3_9,34653
constituency_10_3_10,185
constituency_10_3_11,1430
constituency_10_3_12,10331
constituency_10_3_13,235
constituency_10_3_14,156
constituency_10_30_1,456
constituency_10_30_2,11593
constituency_10_30_3,441
constituency_10_30_4,2513
constituency_10_30_5,1072
constituency_10_30_6,630
constituency_10_30_7,388
constituency_10_30_8,285
constituency_10_30_9,2341
constituency_10_30_10,14293
constituency_10_30_11,1271
constituency_10_30_12,8033
constituency_10_30_13,334
constituency_10_30_14,389
constituency_10_30_15,45992
constituency_10_30_16,417
constituency_10_30_17,687
constituency_10_30_18,1258
constituency_10_30_19,140
constituency_10_31_1,605
constituency_10_31_2,15126
constituency_10_31_3,727
constituency_10_31_4,387
constituency_10_31_5,702
constituency_10_31_6,14455
constituency_10_31_7,966
constituency_10_31_8,1888
constituency_10_31_9,2889
constituency_10_31_10,485
constituency_10_31_11,1147
constituency_10_31_12,44722
constituency_10_31_13,13012
constituency_10_31_14,561
constituency_10_31_15,384
constituency_10_31_16,435
constituency_10_32_1,13302
constituency_10_32_2,10257
constituency_10_32_3,3024
constituency_10_32_4,775
constituency_10_32_5,497
constituency_10_32_6,873
constituency_10_32_7,897
constituency_10_32_8,700
constituency_10_32_9,1429
constituency_10_32_10,435
constituency_10_32_11,681
constituency_10_32_12,559
constituency_10_32_13,351
constituency_10_32_14,11573
constituency_10_32_15,39727
constituency_10_32_16,551
constituency_10_33_1,7451
constituency_10_33_2,1541
constituency_10_33_3,768
constituency_10_33_4,404
constituency_10_33_5,288
constituency_10_33_6,2260
constituency_10_33_7,605
constituency_10_33_8,16359
constituency_10_33_9,1506
constituency_10_33_10,15046
constituency_10_33_11,44860
constituency_10_33_12,626
constituency_10_33_13,2503
constituency_10_33_14,199
constituency_10_4_1,23594
constituency_10_4_2,34405
constituency_10_4_3,708
constituency_10_4_4,4343
constituency_10_4_5,337
constituency_10_4_6,10778
constituency_10_4_7,265
constituency_10_4_8,418
constituency_10_4_9,739
constituency_10_4_10,857
constituency_10_4_11,364
constituency_10_4_12,1050
constituency_10_4_13,124
constituency_10_5_1,507
constituency_10_5_2,231
constituency_10_5_3,526
constituency_10_5_4,22252
constituency_10_5_5,569
constituency_10_5_6,45269
constituency_10_5_7,1741
constituency_10_5_8,245
constituency_10_5_9,1056
constituency_10_5_10,220
constituency_10_5_11,987
constituency_10_5_12,10035
constituency_10_5_13,6474
constituency_10_5_14,409
constituency_10_5_15,112
constituency_10_5_16,159
constituency_10_6_1,764
constituency_10_6_2,247
constituency_10_6_3,2468
constituency_10_6_4,6380
constituency_10_6_5,12848
constituency_10_6_6,1388
constituency_10_6_7,43239
constituency_10_6_8,300
constituency_10_6_9,1306
constituency_10_6_10,317
constituency_10_6_11,10856
constituency_10_6_12,198
constituency_10_6_13,12088
constituency_10_6_14,1679
constituency_10_6_15,127
constituency_10_6_16,186
constituency_10_7_1,8012
constituency_10_7_2,288
constituency_10_7_3,6236
constituency_10_7_4,11163
constituency_10_7_5,700
constituency_10_7_6,12037
constituency_10_7_7,863
constituency_10_7_8,40962
constituency_10_7_9,1406
constituency_10_7_10,594
constituency_10_7_11,535
constituency_10_7_12,323
constituency_10_7_13,2062
constituency_10_8_1,45092
constituency_10_8_2,224
constituency_10_8_3,864
constituency_10_8_4,385
constituency_10_8_5,15868
constituency_10_8_6,857
constituency_10_8_7,607
constituency_10_8_8,865
constituency_10_8_9,1469
constituency_10_8_10,462
constituency_10_8_11,1352
constituency_10_8_12,203
constituency_10_8_13,14632
constituency_10_8_14,11399
constituency_10_8_15,2266
constituency_10_8_16,210
constituency_10_9_1,11282
constituency_10_9_2,904
constituency_10_9_3,583
constituency_10_9_4,440
constituency_10_9_5,49366
constituency_10_9_6,17059
constituency_10_9_7,615
constituency_10_9_8,9827
constituency_10_9_9,3308
constituency_10_9_10,334
constituency_10_9_11,666
constituency_10_9_12,192
constituency_10_9_13,281
constituency_10_9_14,254
constituency_11_1_1,762
constituency_11_1_2,1065
constituency_11_1_3,24150
constituency_11_1_4,12409
constituency_11_1_5,3159
constituency_11_1_6,805
constituency_11_1_7,43463
constituency_11_1_8,2066
constituency_11_2_1,668
constituency_11_2_2,455
constituency_11_2_3,7905
constituency_11_2_4,559
constituency_11_2_5,2957
constituency_11_2_6,793
constituency_11_2_7,40979
constituency_11_2_8,29448
constituency_11_2_9,2506
constituency_11_2_10,2135
constituency_11_2_11,730
constituency_11_3_1,708
constituency_11_3_2,11651
constituency_11_3_3,11151
constituency_11_3_4,45335
constituency_11_3_5,1565
constituency_11_3_6,849
constituency_11_3_7,1755
constituency_11_3_8,13276
constituency_11_3_9,1328
constituency_11_3_10,870
constituency_11_4_1,1977
constituency_11_4_2,48876
constituency_11_4_3,706
constituency_11_4_4,5904
constituency_11_4_5,1717
constituency_11_4_6,686
constituency_11_4_7,15476
constituency_11_4_8,415
constituency_11_4_9,15300
constituency_11_4_10,461
constituency_11_4_11,1102
constituency_11_5_1,2237
constituency_11_5_2,796
constituency_11_5_3,2410
constituency_11_5_4,15146
constituency_11_5_5,1342
constituency_11_5_6,981
constituency_11_5_7,1789
constituency_11_5_8,1306
constituency_11_5_9,12323
constituency_11_5_10,4717
constituency_11_5_11,57198
constituency_11_6_1,707
constituency_11_6_2,286
constituency_11_6_3,1289
constituency_11_6_4,35571
constituency_11_6_5,556
constituency_11_6_6,2246
constituency_11_6_7,33018
constituency_11_6_8,8020
constituency_11_6_9,889
constituency_11_6_10,1932
constituency_11_7_1,28922
constituency_11_7_2,796
constituency_11_7_3,495
constituency_11_7_4,377
constituency_11_7_5,1780
constituency_11_7_6,714
constituency_11_7_7,15568
constituency_11_7_8,46394
constituency_11_7_9,2645
constituency_11_8_1,765
constituency_11_8_2,682
constituency_11_8_3,16768
constituency_11_8_4,1118
constituency_11_8_5,2464
constituency_11_8_6,2271
constituency_11_8_7,27991
constituency_11_8_8,7684
constituency_11_8_9,40230
constituency_11_8_10,3068
constituency_12_1_1,19861
constituency_12_1_2,391
constituency_12_1_3,791
constituency_12_1_4,9587
constituency_12_1_5,2230
constituency_12_1_6,8706
constituency_12_1_7,2034
constituency_12_1_8,42123
constituency_12_1_9,1184
constituency_12_1_10,6573
constituency_12_1_11,403
constituency_12_2_1,1667
constituency_12_2_2,386
constituency_12_2_3,20126
constituency_12_2_4,518
constituency_12_2_5,10730
constituency_12_2_6,5756
constituency_12_2_7,38013
constituency_12_2_8,563
constituency_12_2_9,906
constituency_12_2_10,1210
constituency_12_2_11,1047
constituency_12_2_12,201
constituency_12_3_1,774
constituency_12_3_2,17748
constituency_12_3_3,2207
constituency_12_3_4,1873
constituency_12_3_5,1160
constituency_12_3_6,957
constituency_12_3_7,47405
constituency_12_3_8,15854
constituency_12_3_9,7291
constituency_12_3_10,0
constituency_12_3_11,778
constituency_12_4_1,1501
constituency_12_4_2,33461
constituency_12_4_3,346
constituency_12_4_4,868
constituency_12_4_5,14692
constituency_12_4_6,646
constituency_12_4_7,27997
constituency_12_4_8,4054
constituency_12_4_9,0
constituency_12_4_10,1279
constituency_12_5_1,1689
constituency_12_5_2,1507
constituency_12_5_3,520
constituency_12_5_4,1237
constituency_12_5_5,31985
constituency_12_5_6,5854
constituency_12_5_7,8802
constituency_12_5_8,41888
constituency_12_5_9,2424
constituency_12_5_10,201
constituency_12_6_1,6595
constituency_12_6_2,25218
constituency_12_6_3,887
constituency_12_6_4,44405
constituency_12_6_5,17968
constituency_12_6_6,1389
constituency_12_6_7,823
constituency_12_6_8,1741
constituency_12_7_1,41267
constituency_12_7_2,472
constituency_12_7_3,9933
constituency_12_7_4,4932
constituency_12_7_5,13141
constituency_12_7_6,18873
constituency_12_7_7,1006
constituency_12_7_8,1683
constituency_12_7_9,2686
constituency_12_8_1,2172
constituency_12_8_2,9038
constituency_12_8_3,36631
constituency_12_8_4,5349
constituency_12_8_5,4255
constituency_12_8_6,852
constituency_12_8_7,26846
constituency_12_8_8,1957
constituency_12_8_9,969
constituency_12_8_10,331
constituency_12_8_11,460
constituency_13_1_1,3508
constituency_13_1_2,24365
constituency_13_1_3,24558
constituency_13_1_4,32835
constituency_13_1_5,1487
constituency_13_1_6,1586
constituency_13_1_7,6562
constituency_13_1_8,300
constituency_13_2_1,36340
constituency_13_2_2,31579
constituency_13_2_3,438
constituency_13_2_4,991
constituency_13_2_5,1651
constituency_13_2_6,773
constituency_13_2_7,23496
constituency_13_2_8,1037
constituency_13_2_9,727
constituency_13_3_1,3891
constituency_13_3_2,1155
constituency_13_3_3,22852
constituency_13_3_4,0
constituency_13_3_5,1499
constituency_13_3_6,1007
constituency_13_3_7,42004
constituency_13_3_8,8637
constituency_13_4_1,41039
constituency_13_4_2,3900
constituency_13_4_3,1495
constituency_13_4_4,17512
constituency_13_4_5,399
constituency_13_4_6,8216
constituency_13_4_7,15222
constituency_13_4_8,1903
constituency_13_4_9,1150
constituency_13_5_1,930
constituency_13_5_2,12043
constituency_13_5_3,35383
constituency_13_5_4,674
constituency_13_5_5,4424
constituency_13_5_6,2063
constituency_13_5_7,1559
constituency_13_5_8,12941
constituency_13_5_9,1185
constituency_13_5_10,10418
constituency_13_5_11,899
constituency_13_6_1,2017
constituency_13_6_2,564
constituency_13_6_3,10079
constituency_13_6_4,8530
constituency_13_6_5,689
constituency_13_6_6,6809
constituency_13_6_7,9739
constituency_13_6_8,42684
constituency_13_6_9,2767
constituency_13_6_10,504
constituency_13_7_1,489
constituency_13_7_2,415
constituency_13_7_3,999
constituency_13_7_4,46202
constituency_13_7_5,1538
constituency_13_7_6,5324
constituency_13_7_7,27814
constituency_13_7_8,2488
constituency_13_7_9,806
constituency_13_8_1,663
constituency_13_8_2,1276
constituency_13_8_3,42730
constituency_13_8_4,10865
constituency_13_8_5,655
constituency_13_8_6,26551
constituency_13_8_7,628
constituency_13_8_8,1978
constituency_14_1_1,5895
constituency_14_1_2,1512
constituency_14_1_3,37335
constituency_14_1_4,673
constituency_14_1_5,1556
constituency_14_1_6,46696
constituency_14_1_7,3557
constituency_14_1_8,326
constituency_14_2_1,1356
constituency_14_2_2,662
constituency_14_2_3,25836
constituency_14_2_4,699
constituency_14_2_5,1144
constituency_14_2_6,9030
constituency_14_2_7,53474
constituency_14_2_8,244
constituency_14_2_9,1953
constituency_14_2_10,0
constituency_14_2_11,0
constituency_14_2_12,0
constituency_14_2_13,0
constituency_14_2_14,0
constituency_14_2_15,0
constituency_14_2_16,0
constituency_14_2_17,0
constituency_14_3_1,2104
constituency_14_3_2,915
constituency_14_3_3,5768
constituency_14_3_4,31983
constituency_14_3_5,58072
constituency_14_3_6,1489
constituency_14_4_1,5682
constituency_14_4_2,31956
constituency_14_4_3,13512
constituency_14_4_4,51469
constituency_14_4_5,1104
constituency_14_4_6,609
constituency_14_4_7,1547
constituency_14_4_8,1034
constituency_14_5_1,1048
constituency_14_5_2,905
constituency_14_5_3,0
constituency_14_5_4,21135
constituency_14_5_5,503
constituency_14_5_6,27374
constituency_14_5_7,46623
constituency_15_1_1,4270
constituency_15_1_2,17910
constituency_15_1_3,366
constituency_15_1_4,56130
constituency_15_1_5,795
constituency_15_1_6,304
constituency_15_2_1,13876
constituency_15_2_2,60611
constituency_15_2_3,4149
constituency_15_2_4,1202
constituency_16_1_1,1379
constituency_16_1_2,1571
constituency_16_1_3,1666
constituency_16_1_4,1498
constituency_16_1_5,653
constituency_16_1_6,1842
constituency_16_1_7,2172
constituency_16_1_8,38126
constituency_16_1_9,9992
constituency_16_1_10,15617
constituency_16_1_11,25593
constituency_16_2_1,24499
constituency_16_2_2,823
constituency_16_2_3,58141
constituency_16_2_4,1216
constituency_16_2_5,21604
constituency_16_2_6,1650
constituency_16_2_7,317
constituency_16_2_8,962
constituency_16_2_9,833
constituency_16_3_1,801
constituency_16_3_2,27504
constituency_16_3_3,467
constituency_16_3_4,670
constituency_16_3_5,2527
constituency_16_3_6,49264
constituency_16_3_7,882
constituency_16_3_8,15294
constituency_16_3_9,1816
constituency_16_4_1,1279
constituency_16_4_2,2318
constituency_16_4_3,1079
constituency_16_4_4,33738
constituency_16_4_5,50031
constituency_16_4_6,1354
constituency_16_4_7,222
constituency_16_4_8,18256
constituency_17_1_1,966
constituency_17_1_2,1523
constituency_17_1_3,13763
constituency_17_1_4,31864
constituency_17_1_5,65555
constituency_17_1_6,1037
constituency_18_1_1,1284
constituency_18_1_2,6221
constituency_18_1_3,36058
constituency_18_1_4,7271
constituency_18_1_5,28737
constituency_18_1_6,1199
constituency_18_2_1,54585
constituency_18_2_2,16933
constituency_18_2_3,8937
constituency_18_2_4,2819
constituency_18_2_5,747
constituency_18_2_6,463
constituency_19_1_1,1423
constituency_19_1_2,1106
constituency_19_1_3,2737
constituency_19_1_4,2942
constituency_19_1_5,31958
constituency_19_1_6,1072
constituency_19_1_7,31087
constituency_19_1_8,1156
constituency_19_1_9,14572
constituency_19_2_1,3291
constituency_19_2_2,1782
constituency_19_2_3,1094
constituency_19_2_4,25187
constituency_19_2_5,37225
constituency_19_2_6,0
constituency_19_2_7,926
constituency_19_2_8,27805
constituency_19_3_1,643
constituency_19_3_2,515
constituency_19_3_3,371
constituency_19_3_4,1230
constituency_19_3_5,53967
constituency_19_3_6,0
constituency_19_3_7,0
constituency_19_3_8,4647
constituency_19_4_1,2402
constituency_19_4_2,822
constituency_19_4_3,28119
constituency_19_4_4,5163
constituency_19_4_5,48159
constituency_19_4_6,3452
constituency_19_4_7,1950
constituency_20_1_1,46253
constituency_20_1_2,1311
constituency_20_1_3,327
constituency_20_1_4,2435
constituency_20_1_5,1411
constituency_20_1_6,2935
constituency_20_1_7,42057
constituency_20_1_8,183
constituency_20_1_9,673
constituency_20_10_1,336
constituency_20_10_2,23571
constituency_20_10_3,3326
constituency_20_10_4,328
constituency_20_10_5,27129
constituency_20_10_6,1108
constituency_20_10_7,23062
constituency_20_10_8,420
constituency_20_10_9,1853
constituency_20_10_10,1324
constituency_20_2_1,30061
constituency_20_2_2,827
constituency_20_2_3,28820
constituency_20_2_4,279
constituency_20_2_5,14341
constituency_20_2_6,3085
constituency_20_2_7,281
constituency_20_2_8,0
constituency_20_3_1,37164
constituency_20_3_2,42501
constituency_20_3_3,1199
constituency_20_3_4,2967
constituency_20_3_5,3641
constituency_20_3_6,774
constituency_20_3_7,2055
constituency_20_4_1,987
constituency_20_4_2,24213
constituency_20_4_3,2151
constituency_20_4_4,850
constituency_20_4_5,45751
constituency_20_4_6,6426
constituency_20_4_7,392
constituency_20_5_1,855
constituency_20_5_2,803
constituency_20_5_3,52767
constituency_20_5_4,660
constituency_20_5_5,2846
constituency_20_5_6,24799
constituency_20_5_7,7729
constituency_20_5_8,917
constituency_20_5_9,3766
constituency_20_5_10,372
constituency_20_6_1,3877
constituency_20_6_2,321
constituency_20_6_3,268
constituency_20_6_4,910
constituency_20_6_5,3241
constituency_20_6_6,1647
constituency_20_6_7,41248
constituency_20_6_8,34860
constituency_20_6_9,684
constituency_20_6_10,163
constituency_20_6_11,674
constituency_20_6_12,0
constituency_20_7_1,39986
constituency_20_7_2,451
constituency_20_7_3,3003
constituency_20_7_4,352
constituency_20_7_5,2100
constituency_20_7_6,1412
constituency_20_7_7,494
constituency_20_7_8,0
constituency_20_7_9,0
constituency_20_7_10,386
constituency_20_8_1,2046
constituency_20_8_2,3430
constituency_20_8_3,4471
constituency_20_8_4,690
constituency_20_8_5,37623
constituency_20_8_6,1086
constituency_20_8_7,34702
constituency_20_8_8,1043
constituency_20_8_9,1181
constituency_20_8_10,722
constituency_20_9_1,407
constituency_20_9_2,340
constituency_20_9_3,2665
constituency_20_9_4,1157
constituency_20_9_5,27602
constituency_20_9_6,5600
constituency_20_9_7,940
constituency_20_9_8,23698
constituency_21_1_1,36934
constituency_21_1_2,664
constituency_21_1_3,2917
constituency_21_1_4,15357
constituency_21_1_5,27277
constituency_21_1_6,1093
constituency_21_1_7,421
constituency_21_1_8,428
constituency_21_2_1,33687
constituency_21_2_2,4268
constituency_21_2_3,26878
constituency_21_2_4,1981
constituency_21_2_5,1737
constituency_21_3_1,5580
constituency_21_3_2,2454
constituency_21_3_3,15572
constituency_21_3_4,788
constituency_21_3_5,26873
constituency_21_3_6,24801
constituency_21_3_7,395
constituency_21_4_1,32496
constituency_21_4_2,46134
constituency_21_4_3,3433
constituency_21_4_4,0
constituency_21_4_5,1036
constituency_21_4_6,3744
constituency_21_4_7,317
constituency_21_5_1,5120
constituency_21_5_2,37569
constituency_21_5_3,6244
constituency_21_5_4,1672
constituency_21_5_5,29469
constituency_21_5_6,1215
constituency_22_1_1,32984
constituency_22_1_2,1736
constituency_22_1_3,23506
constituency_22_1_4,29390
constituency_22_1_5,6271
constituency_22_1_6,1133
constituency_22_1_7,2115
constituency_22_1_8,271
constituency_22_1_9,3460
constituency_22_2_1,6708
constituency_22_2_2,9940
constituency_22_2_3,39979
constituency_22_2_4,29466
constituency_22_2_5,1042
constituency_22_2_6,4672
constituency_22_3_1,20697
constituency_22_3_2,856
constituency_22_3_3,31798
constituency_22_3_4,2830
constituency_22_3_5,2924
constituency_22_3_6,26664
constituency_22_3_7,4138
constituency_22_3_8,239
constituency_22_3_9,1030
constituency_23_1_1,66399
constituency_23_1_2,944
constituency_23_1_3,3857
constituency_23_1_4,4084
constituency_23_1_5,4716
constituency_23_1_6,7665
constituency_23_1_7,27911
constituency_24_1_1,13705
constituency_24_1_2,38717
constituency_24_1_3,34889
constituency_24_1_4,1127
constituency_24_1_5,5677
constituency_24_1_6,1889
constituency_24_2_1,1000
constituency_24_2_2,3019
constituency_24_2_3,32111
constituency_24_2_4,50833
constituency_24_2_5,20063
constituency_24_2_6,2802
constituency_24_3_1,14500
constituency_24_3_2,21616
constituency_24_3_3,929
constituency_24_3_4,52758
constituency_24_3_5,570
constituency_24_3_6,1377
constituency_24_3_7,2003
constituency_24_4_1,1162
constituency_24_4_2,35257
constituency_24_4_3,806
constituency_24_4_4,47969
constituency_24_4_5,19940
constituency_24_4_6,4399
constituency_24_4_7,2574
constituency_25_1_1,42309
constituency_25_1_2,28549
constituency_25_1_3,1413
constituency_25_1_4,6144
constituency_25_1_5,2124
constituency_25_1_6,1661
constituency_25_1_7,723
constituency_25_3_1,10575
constituency_25_3_2,45193
constituency_25_3_3,24795
constituency_25_3_4,2724
constituency_25_3_5,1060
constituency_26_1_1,33707
constituency_26_1_2,29822
constituency_26_1_3,11054
constituency_26_1_4,1290
constituency_26_1_5,908
constituency_26_2_1,769
constituency_26_2_2,13388
constituency_26_2_3,1404
constituency_26_2_4,29375
constituency_26_2_5,964
constituency_26_2_6,34897
constituency_27_1_1,2999
constituency_27_1_2,731
constituency_27_1_3,2510
constituency_27_1_4,2751
constituency_27_1_5,56083
constituency_27_1_6,19172
constituency_27_1_7,2661
constituency_27_1_8,217
constituency_27_1_9,2489
constituency_27_2_1,1835
constituency_27_2_2,2986
constituency_27_2_3,647
constituency_27_2_4,533
constituency_27_2_5,17343
constituency_27_2_6,60370
constituency_27_2_7,1823
constituency_27_2_8,452
constituency_27_2_9,3362
constituency_27_3_1,38812
constituency_27_3_2,32848
constituency_27_3_3,13842
constituency_27_3_4,2378
constituency_27_3_5,2324
constituency_27_3_6,1937
constituency_27_3_7,484
constituency_27_3_8,243
constituency_30_1_1,757
constituency_30_1_2,517
constituency_30_1_3,3168
constituency_30_1_4,1672
constituency_30_1_5,552
constituency_30_1_6,1294
constituency_30_1_7,32534
constituency_30_1_8,358
constituency_30_1_9,14417
constituency_30_1_10,1838
constituency_30_1_11,23435
constituency_30_1_12,252
constituency_30_1_13,191
constituency_30_10_1,560
constituency_30_10_2,37863
constituency_30_10_3,1050
constituency_30_10_4,4824
constituency_30_10_5,1261
constituency_30_10_6,222
constituency_30_10_7,0
constituency_30_10_8,104308
constituency_30_11_1,1260
constituency_30_11_2,2708
constituency_30_11_3,53069
constituency_30_11_4,7697
constituency_30_11_5,15952
constituency_30_11_6,560
constituency_30_11_7,470
constituency_30_11_8,132
constituency_30_11_9,3168
constituency_30_12_1,1229
constituency_30_12_2,16493
constituency_30_12_3,47794
constituency_30_12_4,830
constituency_30_12_5,1527
constituency_30_12_6,1288
constituency_30_12_7,16572
constituency_30_12_8,273
constituency_30_13_1,3028
constituency_30_13_2,1775
constituency_30_13_3,0
constituency_30_13_4,1944
constituency_30_13_5,28157
constituency_30_13_6,25404
constituency_30_13_7,5887
constituency_30_13_8,310
constituency_30_14_1,29003
constituency_30_14_2,2064
constituency_30_14_3,9673
constituency_30_14_4,28220
constituency_30_14_5,2079
constituency_30_14_6,2150
constituency_30_15_1,15641
constituency_30_15_2,26946
constituency_30_15_3,549
constituency_30_15_4,12635
constituency_30_15_5,37242
constituency_30_15_6,0
constituency_30_15_7,0
constituency_30_15_8,0
constituency_30_15_9,1283
constituency_30_16_1,1215
constituency_30_16_2,31496
constituency_30_16_3,32139
constituency_30_16_4,586
constituency_30_16_5,14870
constituency_30_16_6,435
constituency_30_16_7,265
constituency_30_16_8,1095
constituency_30_16_9,916
constituency_30_16_10,982
constituency_30_2_1,652
constituency_30_2_2,9871
constituency_30_2_3,1432
constituency_30_2_4,412
constituency_30_2_5,1195
constituency_30_2_6,668
constituency_30_2_7,39142
constituency_30_2_8,39980
constituency_30_2_9,3023
constituency_30_2_10,335
constituency_30_3_1,1992
constituency_30_3_2,7864
constituency_30_3_3,37400
constituency_30_3_4,1166
constituency_30_3_5,37699
constituency_30_3_6,812
constituency_30_3_7,2153
constituency_30_3_8,362
constituency_30_3_9,3174
constituency_30_4_1,1605
constituency_30_4_2,1550
constituency_30_4_3,26339
constituency_30_4_4,34719
constituency_30_4_5,15649
constituency_30_4_6,745
constituency_30_4_7,691
constituency_30_4_8,182
constituency_30_4_9,1271
constituency_30_4_10,1551
constituency_30_5_1,38845
constituency_30_5_2,831
constituency_30_5_3,0
constituency_30_5_4,13546
constituency_30_5_5,595
constituency_30_5_6,1490
constituency_30_5_7,30864
constituency_30_5_8,302
constituency_30_5_9,1171
constituency_30_6_1,27973
constituency_30_6_2,366
constituency_30_6_3,439
constituency_30_6_4,19113
constituency_30_6_5,888
constituency_30_6_6,17378
constituency_30_6_7,2065
constituency_30_6_8,11687
constituency_30_6_9,737
constituency_30_6_10,80
constituency_30_6_11,456
constituency_30_6_12,629
constituency_30_7_1,897
constituency_30_7_2,40228
constituency_30_7_3,387
constituency_30_7_4,21229
constituency_30_7_5,208
constituency_30_7_6,12032
constituency_30_7_7,417
constituency_30_7_8,77
constituency_30_7_9,1483
constituency_30_8_1,51840
constituency_30_8_2,1490
constituency_30_8_3,1194
constituency_30_8_4,10250
constituency_30_8_5,14747
constituency_30_9_1,617
constituency_30_9_2,570
constituency_30_9_3,41235
constituency_30_9_4,4320
constituency_30_9_5,14731
constituency_30_9_6,24623
constituency_30_9_7,258
constituency_30_9_8,151
constituency_30_9_9,1150
constituency_31_1_1,1052
constituency_31_1_2,3301
constituency_31_1_3,14995
constituency_31_1_4,722
constituency_31_1_5,57074
constituency_31_1_6,501
constituency_31_1_7,490
constituency_31_1_8,754
constituency_31_10_1,4221
constituency_31_10_2,52091
constituency_31_10_3,1489
constituency_31_10_4,226
constituency_31_10_5,485
constituency_31_10_6,852
constituency_31_10_7,9229
constituency_31_10_8,114
constituency_31_10_9,469
constituency_31_2_1,691
constituency_31_2_2,11395
constituency_31_2_3,3555
constituency_31_2_4,549
constituency_31_2_5,56479
constituency_31_2_6,653
constituency_31_2_7,491
constituency_31_2_8,199
constituency_31_2_9,1043
constituency_31_3_1,56210
constituency_31_3_2,725
constituency_31_3_3,507
constituency_31_3_4,295
constituency_31_3_5,3054
constituency_31_3_6,10630
constituency_31_3_7,459
constituency_31_3_8,295
constituency_31_4_1,846
constituency_31_4_2,11667
constituency_31_4_3,51536
constituency_31_4_4,683
constituency_31_4_5,3699
constituency_31_4_6,336
constituency_31_4_7,678
constituency_31_5_1,7914
constituency_31_5_2,714
constituency_31_5_3,1052
constituency_31_5_4,10694
constituency_31_5_5,807
constituency_31_5_6,53732
constituency_31_5_7,305
constituency_31_5_8,194
constituency_31_5_9,1238
constituency_31_6_1,5419
constituency_31_6_2,11551
constituency_31_6_3,1239
constituency_31_6_4,51523
constituency_31_6_5,462
constituency_31_6_6,1211
constituency_31_6_7,433
constituency_31_6_8,237
constituency_31_6_9,682
constituency_31_6_10,851
constituency_31_7_1,11091
constituency_31_7_2,621
constituency_31_7_3,13982
constituency_31_7_4,522
constituency_31_7_5,45919
constituency_31_7_6,382
constituency_31_7_7,406
constituency_31_7_8,880
constituency_31_7_9,734
constituency_31_8_1,15367
constituency_31_8_2,647
constituency_31_8_3,484
constituency_31_8_4,1396
constituency_31_8_5,53217
constituency_31_8_6,1050
constituency_31_8_7,4664
constituency_31_8_8,584
constituency_31_8_9,742
constituency_31_8_10,277
constituency_31_9_1,1393
constituency_31_9_2,491
constituency_31_9_3,8695
constituency_31_9_4,513
constituency_31_9_5,57197
constituency_31_9_6,4068
constituency_31_9_7,299
constituency_31_9_8,152
constituency_31_9_9,887
constituency_32_1_1,9423
constituency_32_1_2,1312
constituency_32_1_3,2528
constituency_32_1_4,1813
constituency_32_1_5,46167
constituency_32_1_6,650
constituency_32_1_7,984
constituency_32_1_8,23104
constituency_32_2_1,613
constituency_32_2_2,1114
constituency_32_2_3,14307
constituency_32_2_4,463
constituency_32_2_5,17069
constituency_32_2_6,970
constituency_32_2_7,53228
constituency_32_2_8,474
constituency_32_2_9,1064
constituency_32_2_10,131
constituency_32_3_1,14826
constituency_32_3_2,971
constituency_32_3_3,1002
constituency_32_3_4,50333
constituency_32_3_5,413
constituency_32_3_6,308
constituency_32_3_7,10467
constituency_32_3_8,326
constituency_32_3_9,993
constituency_32_4_1,14672
constituency_32_4_2,588
constituency_32_4_3,1877
constituency_32_4_4,1118
constituency_32_4_5,368
constituency_32_4_6,740
constituency_32_4_7,44913
constituency_32_4_8,913
constituency_32_4_9,14535
constituency_32_4_10,399
constituency_32_4_11,407
constituency_32_5_1,17798
constituency_32_5_2,11277
constituency_32_5_3,290
constituency_32_5_4,41671
constituency_32_5_5,6095
constituency_32_5_6,302
constituency_32_5_7,476
constituency_32_5_8,173
constituency_32_5_9,828
constituency_32_5_10,246
constituency_32_5_11,288
constituency_32_6_1,1024
constituency_32_6_2,9122
constituency_32_6_3,1211
constituency_32_6_4,52005
constituency_32_6_5,10955
constituency_32_6_6,791
constituency_32_6_7,479
constituency_32_6_8,224
constituency_32_6_9,739
constituency_32_7_1,13352
constituency_32_7_2,735
constituency_32_7_3,24474
constituency_32_7_4,43239
constituency_32_7_5,768
constituency_32_7_6,1844
constituency_32_7_7,428
constituency_32_8_1,1007
constituency_32_8_2,52673
constituency_32_8_3,2794
constituency_32_8_4,5899
constituency_32_8_5,15302
constituency_32_8_6,408
constituency_32_8_7,521
constituency_32_8_8,315
constituency_33_1_1,13456
constituency_33_1_2,394
constituency_33_1_3,25401
constituency_33_1_4,460
constituency_33_1_5,53220
constituency_33_1_6,222
constituency_33_1_7,438
constituency_33_1_8,207
constituency_33_1_9,868
constituency_33_2_1,1166
constituency_33_2_2,30103
constituency_33_2_3,10448
constituency_33_2_4,35712
constituency_33_2_5,201
constituency_33_2_6,868
constituency_33_2_7,287
constituency_33_2_8,81
constituency_33_2_9,1392
constituency_33_2_10,153
constituency_33_2_11,310
constituency_33_3_1,1059
constituency_33_3_2,2931
constituency_33_3_3,1041
constituency_33_3_4,51942
constituency_33_3_5,8230
constituency_33_3_6,341
constituency_33_3_7,9196
constituency_33_3_8,113
constituency_33_3_9,1611
constituency_33_3_10,122
constituency_33_4_1,3428
constituency_33_4_2,20190
constituency_33_4_3,789
constituency_33_4_4,43534
constituency_33_4_5,8100
constituency_33_4_6,293
constituency_33_4_7,969
constituency_33_4_8,93
constituency_33_4_9,372
constituency_33_4_10,96
constituency_33_5_1,0
constituency_33_5_2,0
constituency_33_5_3,0
constituency_33_5_4,25755
constituency_33_5_5,11077
constituency_33_5_6,1091
constituency_33_5_7,887
constituency_33_5_8,652
constituency_33_5_9,619
constituency_33_6_1,13132
constituency_33_6_2,31072
constituency_33_6_3,438
constituency_33_6_4,31345
constituency_33_6_5,502
constituency_33_6_6,435
constituency_33_6_7,415
constituency_33_6_8,0
constituency_33_7_1,31642
constituency_33_7_2,9181
constituency_33_7_3,263
constituency_33_7_4,544
constituency_33_7_5,441
constituency_33_7_6,36190
constituency_33_7_7,278
constituency_33_7_8,92
constituency_33_8_1,12268
constituency_33_8_2,59873
constituency_33_8_3,415
constituency_33_8_4,10201
constituency_33_8_5,334
constituency_33_8_6,146
constituency_33_8_7,503
constituency_33_8_8,435
constituency_33_9_1,14525
constituency_33_9_2,39667
constituency_33_9_3,555
constituency_33_9_4,359
constituency_33_9_5,214
constituency_33_9_6,368
constituency_33_9_7,137
constituency_33_9_8,1069
constituency_33_9_9,12281
constituency_33_9_10,19391
constituency_34_1_1,7327
constituency_34_1_2,32328
constituency_34_1_3,588
constituency_34_1_4,7869
constituency_34_1_5,27314
constituency_34_1_6,1098
constituency_34_1_7,9184
constituency_34_1_8,2283
constituency_34_10_1,3026
constituency_34_10_2,66909
constituency_34_10_3,6973
constituency_34_10_4,542
constituency_34_10_5,7494
constituency_34_10_6,612
constituency_34_11_1,1047
constituency_34_11_2,781
constituency_34_11_3,58379
constituency_34_11_4,4521
constituency_34_11_5,746
constituency_34_11_6,11868
constituency_34_11_7,2690
party_list_10_1_1,66
party_list_10_1_2,130
party_list_10_1_3,37
party_list_10_1_4,35
party_list_10_1_5,226
party_list_10_1_6,1857
party_list_10_1_7,103
party_list_10_1_8,323
party_list_10_1_9,6398
party_list_10_1_10,300
party_list_10_1_11,1292
party_list_10_1_12,374
party_list_10_1_13,160
party_list_10_1_14,0
party_list_10_1_15,29
party_list_10_1_16,47
party_list_10_1_17,47
party_list_10_1_18,10
party_list_10_1_19,0
party_list_10_1_20,17
party_list_10_1_21,22
party_list_10_1_22,0
party_list_10_1_23,43
party_list_10_1_24,14
party_list_10_1_25,0
party_list_10_1_26,39
party_list_10_1_27,11795
party_list_10_1_28,45
party_list_10_1_29,2173
party_list_10_1_30,14
party_list_10_1_31,40
party_list_10_1_32,19
party_list_10_1_33,38
party_list_10_1_34,17
party_list_10_1_35,144
party_list_10_1_36,43
party_list_10_1_37,16471
party_list_10_1_38,33
party_list_10_1_39,79
party_list_10_1_40,11
party_list_10_1_41,0
party_list_10_1_42,114
party_list_10_1_43,69
party_list_10_1_44,100
party_list_10_1_45,42
party_list_10_1_46,34215
party_list_10_1_47,66
party_list_10_1_48,675
party_list_10_1_49,650
party_list_10_1_50,0
party_list_10_1_51,13
party_list_10_1_52,0
party_list_10_1_53,0
party_list_10_1_54,0
party_list_10_1_55,0
party_list_10_1_56,12
party_list_10_1_57,0
party_list_10_10_1,59
party_list_10_10_2,339
party_list_10_10_3,65
party_list_10_10_4,70
party_list_10_10_5,732
party_list_10_10_6,2583
party_list_10_10_7,130
party_list_10_10_8,229
party_list_10_10_9,13051
party_list_10_10_10,628
party_list_10_10_11,2414
party_list_10_10_12,456
party_list_10_10_13,270
party_list_10_10_14,31
party_list_10_10_15,46
party_list_10_10_16,110
party_list_10_10_17,34
party_list_10_10_18,17
party_list_10_10_19,41
party_list_10_10_20,21
party_list_10_10_21,58
party_list_10_10_22,23
party_list_10_10_23,27
party_list_10_10_24,17
party_list_10_10_25,0
party_list_10_10_26,35
party_list_10_10_27,7079
party_list_10_10_28,105
party_list_10_10_29,1276
party_list_10_10_30,42
party_list_10_10_31,65
party_list_10_10_32,15
party_list_10_10_33,60
party_list_10_10_34,53
party_list_10_10_35,168
party_list_10_10_36,39
party_list_10_10_37,16002
party_list_10_10_38,50
party_list_10_10_39,107
party_list_10_10_40,21
party_list_10_10_41,10
party_list_10_10_42,238
party_list_10_10_43,101
party_list_10_10_44,991
party_list_10_10_45,48
party_list_10_10_46,44757
party_list_10_10_47,79
party_list_10_10_48,1163
party_list_10_10_49,785
party_list_10_10_50,0
party_list_10_10_51,30
party_list_10_10_52,16
party_list_10_10_53,0
party_list_10_10_54,39
party_list_10_10_55,11
party_list_10_10_56,13
party_list_10_10_57,28
party_list_10_11_1,28
party_list_10_11_2,251
party_list_10_11_3,42
party_list_10_11_4,35
party_list_10_11_5,139
party_list_10_11_6,2061
party_list_10_11_7,581
party_list_10_11_8,192
party_list_10_11_9,14904
party_list_10_11_10,438
party_list_10_11_11,2139
party_list_10_11_12,452
party_list_10_11_13,493
party_list_10_11_14,40
party_list_10_11_15,228
party_list_10_11_16,98
party_list_10_11_17,46
party_list_10_11_18,0
party_list_10_11_19,28
party_list_10_11_20,22
party_list_10_11_21,42
party_list_10_11_22,11
party_list_10_11_23,42
party_list_10_11_24,25
party_list_10_11_25,15
party_list_10_11_26,10
party_list_10_11_27,6287
party_list_10_11_28,72
party_list_10_11_29,1131
party_list_10_11_30,30
party_list_10_11_31,61
party_list_10_11_32,21
party_list_10_11_33,50
party_list_10_11_34,45
party_list_10_11_35,106
party_list_10_11_36,55
party_list_10_11_37,18501
party_list_10_11_38,48
party_list_10_11_39,93
party_list_10_11_40,0
party_list_10_11_41,14
party_list_10_11_42,327
party_list_10_11_43,147
party_list_10_11_44,82
party_list_10_11_45,57
party_list_10_11_46,44980
party_list_10_11_47,84
party_list_10_11_48,825
party_list_10_11_49,604
party_list_10_11_50,0
party_list_10_11_51,32
party_list_10_11_52,10
party_list_10_11_53,18
party_list_10_11_54,10
party_list_10_11_55,10
party_list_10_11_56,18
party_list_10_11_57,16
party_list_10_12_1,48
party_list_10_12_2,215
party_list_10_12_3,49
party_list_10_12_4,29
party_list_10_12_5,103
party_list_10_12_6,2247
party_list_10_12_7,153
party_list_10_12_8,205
party_list_10_12_9,12943
party_list_10_12_10,440
party_list_10_12_11,2000
party_list_10_12_12,836
party_list_10_12_13,319
party_list_10_12_14,37
party_list_10_12_15,214
party_list_10_12_16,120
party_list_10_12_17,36
party_list_10_12_18,0
party_list_10_12_19,17
party_list_10_12_20,0
party_list_10_12_21,43
party_list_10_12_22,13
party_list_10_12_23,60
party_list_10_12_24,18
party_list_10_12_25,10
party_list_10_12_26,28
party_list_10_12_27,9745
party_list_10_12_28,70
party_list_10_12_29,1587
party_list_10_12_30,27
party_list_10_12_31,48
party_list_10_12_32,30
party_list_10_12_33,61
party_list_10_12_34,34
party_list_10_12_35,186
party_list_10_12_36,47
party_list_10_12_37,19124
party_list_10_12_38,48
party_list_10_12_39,94
party_list_10_12_40,17
party_list_10_12_41,25
party_list_10_12_42,397
party_list_10_12_43,247
party_list_10_12_44,123
party_list_10_12_45,81
party_list_10_12_46,52294
party_list_10_12_47,88
party_list_10_12_48,1140
party_list_10_12_49,943
party_list_10_12_50,0
party_list_10_12_51,18
party_list_10_12_52,10
party_list_10_12_53,10
party_list_10_12_54,14
party_list_10_12_55,0
party_list_10_12_56,11
party_list_10_12_57,22
party_list_10_13_1,32
party_list_10_13_2,455
party_list_10_13_3,66
party_list_10_13_4,29
party_list_10_13_5,86
party_list_10_13_6,2377
party_list_10_13_7,252
party_list_10_13_8,379
party_list_10_13_9,9014
party_list_10_13_10,366
party_list_10_13_11,1621
party_list_10_13_12,367
party_list_10_13_13,203
party_list_10_13_14,14
party_list_10_13_15,35
party_list_10_13_16,63
party_list_10_13_17,29
party_list_10_13_18,0
party_list_10_13_19,19
party_list_10_13_20,0
party_list_10_13_21,27
party_list_10_13_22,15
party_list_10_13_23,75
party_list_10_13_24,26
party_list_10_13_25,0
party_list_10_13_26,20
party_list_10_13_27,10006
party_list_10_13_28,68
party_list_10_13_29,1742
party_list_10_13_30,23
party_list_10_13_31,31
party_list_10_13_32,15
party_list_10_13_33,53
party_list_10_13_34,24
party_list_10_13_35,185
party_list_10_13_36,161
party_list_10_13_37,17977
party_list_10_13_38,35
party_list_10_13_39,63
party_list_10_13_40,14
party_list_10_13_41,10
party_list_10_13_42,170
party_list_10_13_43,112
party_list_10_13_44,96
party_list_10_13_45,32
party_list_10_13_46,44989
party_list_10_13_47,128
party_list_10_13_48,1091
party_list_10_13_49,782
party_list_10_13_50,0
party_list_10_13_51,15
party_list_10_13_52,0
party_list_10_13_53,0
party_list_10_13_54,0
party_list_10_13_55,0
party_list_10_13_56,0
party_list_10_13_57,14
party_list_10_14_1,45
party_list_10_14_2,574
party_list_10_14_3,42
party_list_10_14_4,36
party_list_10_14_5,108
party_list_10_14_6,2377
party_list_10_14_7,94
party_list_10_14_8,215
party_list_10_14_9,8914
party_list_10_14_10,344
party_list_10_14_11,1659
party_list_10_14_12,376
party_list_10_14_13,447
party_list_10_14_14,83
party_list_10_14_15,55
party_list_10_14_16,60
party_list_10_14_17,39
party_list_10_14_18,0
party_list_10_14_19,18
party_list_10_14_20,15
party_list_10_14_21,32
party_list_10_14_22,16
party_list_10_14_23,59
party_list_10_14_24,21
party_list_10_14_25,0
party_list_10_14_26,20
party_list_10_14_27,10762
party_list_10_14_28,69
party_list_10_14_29,1764
party_list_10_14_30,20
party_list_10_14_31,50
party_list_10_14_32,22
party_list_10_14_33,208
party_list_10_14_34,26
party_list_10_14_35,147
party_list_10_14_36,47
party_list_10_14_37,19346
party_list_10_14_38,36
party_list_10_14_39,82
party_list_10_14_40,0
party_list_10_14_41,0
party_list_10_14_42,186
party_list_10_14_43,106
party_list_10_14_44,98
party_list_10_14_45,39
party_list_10_14_46,44691
party_list_10_14_47,77
party_list_10_14_48,1102
party_list_10_14_49,725
party_list_10_14_50,0
party_list_10_14_51,23
party_list_10_14_52,0
party_list_10_14_53,0
party_list_10_14_54,11
party_list_10_14_55,0
party_list_10_14_56,22
party_list_10_14_57,0
party_list_10_16_1,99
party_list_10_16_2,11
party_list_10_16_3,57
party_list_10_16_4,52
party_list_10_16_5,165
party_list_10_16_6,2134
party_list_10_16_7,203
party_list_10_16_8,462
party_list_10_16_9,10029
party_list_10_16_10,681
party_list_10_16_11,2220
party_list_10_16_12,463
party_list_10_16_13,318
party_list_10_16_14,36
party_list_10_16_15,55
party_list_10_16_16,88
party_list_10_16_17,34
party_list_10_16_18,14
party_list_10_16_19,17
party_list_10_16_20,15
party_list_10_16_21,36
party_list_10_16_22,16
party_list_10_16_23,73
party_list_10_16_24,31
party_list_10_16_25,0
party_list_10_16_26,23
party_list_10_16_27,9079
party_list_10_16_28,163
party_list_10_16_29,1185
party_list_10_16_30,42
party_list_10_16_31,39
party_list_10_16_32,25
party_list_10_16_33,77
party_list_10_16_34,26
party_list_10_16_35,130
party_list_10_16_36,42
party_list_10_16_37,16586
party_list_10_16_38,44
party_list_10_16_39,82
party_list_10_16_40,16
party_list_10_16_41,10
party_list_10_16_42,181
party_list_10_16_43,129
party_list_10_16_44,65
party_list_10_16_45,34
party_list_10_16_46,49131
party_list_10_16_47,88
party_list_10_16_48,900
party_list_10_16_49,725
party_list_10_16_50,0
party_list_10_16_51,25
party_list_10_16_52,0
party_list_10_16_53,0
party_list_10_16_54,18
party_list_10_16_55,0
party_list_10_16_56,21
party_list_10_16_57,24
party_list_10_17_1,141
party_list_10_17_2,440
party_list_10_17_3,111
party_list_10_17_4,411
party_list_10_17_5,325
party_list_10_17_6,2495
party_list_10_17_7,102
party_list_10_17_8,453
party_list_10_17_9,8742
party_list_10_17_10,700
party_list_10_17_11,2535
party_list_10_17_12,392
party_list_10_17_13,375
party_list_10_17_14,26
party_list_10_17_15,97
party_list_10_17_16,167
party_list_10_17_17,64
party_list_10_17_18,13
party_list_10_17_19,35
party_list_10_17_20,16
party_list_10_17_21,30
party_list_10_17_22,29
party_list_10_17_23,103
party_list_10_17_24,52
party_list_10_17_25,14
party_list_10_17_26,31
party_list_10_17_27,7709
party_list_10_17_28,117
party_list_10_17_29,700
party_list_10_17_30,72
party_list_10_17_31,63
party_list_10_17_32,36
party_list_10_17_33,377
party_list_10_17_34,65
party_list_10_17_35,78
party_list_10_17_36,62
party_list_10_17_37,13309
party_list_10_17_38,53
party_list_10_17_39,61
party_list_10_17_40,37
party_list_10_17_41,20
party_list_10_17_42,257
party_list_10_17_43,181
party_list_10_17_44,59
party_list_10_17_45,48
party_list_10_17_46,31155
party_list_10_17_47,111
party_list_10_17_48,677
party_list_10_17_49,477
party_list_10_17_50,10
party_list_10_17_51,34
party_list_10_17_52,10
party_list_10_17_53,11
party_list_10_17_54,20
party_list_10_17_55,11
party_list_10_17_56,31
party_list_10_17_57,23
party_list_10_18_1,69
party_list_10_18_2,414
party_list_10_18_3,109
party_list_10_18_4,798
party_list_10_18_5,337
party_list_10_18_6,2480
party_list_10_18_7,224
party_list_10_18_8,365
party_list_10_18_9,10197
party_list_10_18_10,760
party_list_10_18_11,2474
party_list_10_18_12,416
party_list_10_18_13,425
party_list_10_18_14,26
party_list_10_18_15,57
party_list_10_18_16,171
party_list_10_18_17,106
party_list_10_18_18,19
party_list_10_18_19,43
party_list_10_18_20,29
party_list_10_18_21,51
party_list_10_18_22,25
party_list_10_18_23,47
party_list_10_18_24,40
party_list_10_18_25,11
party_list_10_18_26,43
party_list_10_18_27,8293
party_list_10_18_28,88
party_list_10_18_29,885
party_list_10_18_30,87
party_list_10_18_31,66
party_list_10_18_32,39
party_list_10_18_33,225
party_list_10_18_34,47
party_list_10_18_35,136
party_list_10_18_36,51
party_list_10_18_37,12973
party_list_10_18_38,63
party_list_10_18_39,56
party_list_10_18_40,26
party_list_10_18_41,18
party_list_10_18_42,240
party_list_10_18_43,159
party_list_10_18_44,80
party_list_10_18_45,53
party_list_10_18_46,36942
party_list_10_18_47,108
party_list_10_18_48,746
party_list_10_18_49,803
party_list_10_18_50,0
party_list_10_18_51,54
party_list_10_18_52,0
party_list_10_18_53,0
party_list_10_18_54,22
party_list_10_18_55,0
party_list_10_18_56,15
party_list_10_18_57,26
party_list_10_19_1,260
party_list_10_19_2,247
party_list_10_19_3,71
party_list_10_19_4,61
party_list_10_19_5,225
party_list_10_19_6,2432
party_list_10_19_7,138
party_list_10_19_8,221
party_list_10_19_9,9999
party_list_10_19_10,437
party_list_10_19_11,1995
party_list_10_19_12,359
party_list_10_19_13,244
party_list_10_19_14,16
party_list_10_19_15,32
party_list_10_19_16,76
party_list_10_19_17,26
party_list_10_19_18,0
party_list_10_19_19,27
party_list_10_19_20,18
party_list_10_19_21,33
party_list_10_19_22,10
party_list_10_19_23,29
party_list_10_19_24,32
party_list_10_19_25,0
party_list_10_19_26,37
party_list_10_19_27,10147
party_list_10_19_28,62
party_list_10_19_29,1577
party_list_10_19_30,35
party_list_10_19_31,52
party_list_10_19_32,18
party_list_10_19_33,156
party_list_10_19_34,19
party_list_10_19_35,152
party_list_10_19_36,53
party_list_10_19_37,18319
party_list_10_19_38,61
party_list_10_19_39,78
party_list_10_19_40,13
party_list_10_19_41,0
party_list_10_19_42,193
party_list_10_19_43,89
party_list_10_19_44,80
party_list_10_19_45,42
party_list_10_19_46,44830
party_list_10_19_47,76
party_list_10_19_48,987
party_list_10_19_49,821
party_list_10_19_50,0
party_list_10_19_51,22
party_list_10_19_52,0
party_list_10_19_53,0
party_list_10_19_54,11
party_list_10_19_55,0
party_list_10_19_56,19
party_list_10_19_57,13
party_list_10_2_1,39
party_list_10_2_2,280
party_list_10_2_3,69
party_list_10_2_4,129
party_list_10_2_5,215
party_list_10_2_6,1819
party_list_10_2_7,116
party_list_10_2_8,211
party_list_10_2_9,6226
party_list_10_2_10,358
party_list_10_2_11,1578
party_list_10_2_12,388
party_list_10_2_13,189
party_list_10_2_14,16
party_list_10_2_15,37
party_list_10_2_16,51
party_list_10_2_17,33
party_list_10_2_18,0
party_list_10_2_19,46
party_list_10_2_20,13
party_list_10_2_21,32
party_list_10_2_22,17
party_list_10_2_23,76
party_list_10_2_24,27
party_list_10_2_25,0
party_list_10_2_26,34
party_list_10_2_27,11048
party_list_10_2_28,47
party_list_10_2_29,2050
party_list_10_2_30,17
party_list_10_2_31,34
party_list_10_2_32,23
party_list_10_2_33,65
party_list_10_2_34,31
party_list_10_2_35,146
party_list_10_2_36,32
party_list_10_2_37,18021
party_list_10_2_38,37
party_list_10_2_39,108
party_list_10_2_40,0
party_list_10_2_41,12
party_list_10_2_42,270
party_list_10_2_43,99
party_list_10_2_44,114
party_list_10_2_45,154
party_list_10_2_46,40383
party_list_10_2_47,76
party_list_10_2_48,707
party_list_10_2_49,637
party_list_10_2_50,0
party_list_10_2_51,17
party_list_10_2_52,11
party_list_10_2_53,0
party_list_10_2_54,12
party_list_10_2_55,0
party_list_10_2_56,21
party_list_10_2_57,17
party_list_10_20_1,72
party_list_10_20_2,503
party_list_10_20_3,64
party_list_10_20_4,44
party_list_10_20_5,219
party_list_10_20_6,1851
party_list_10_20_7,374
party_list_10_20_8,262
party_list_10_20_9,12703
party_list_10_20_10,392
party_list_10_20_11,2741
party_list_10_20_12,435
party_list_10_20_13,431
party_list_10_20_14,49
party_list_10_20_15,41
party_list_10_20_16,198
party_list_10_20_17,58
party_list_10_20_18,12
party_list_10_20_19,40
party_list_10_20_20,20
party_list_10_20_21,43
party_list_10_20_22,24
party_list_10_20_23,40
party_list_10_20_24,24
party_list_10_20_25,12
party_list_10_20_26,29
party_list_10_20_27,6062
party_list_10_20_28,103
party_list_10_20_29,851
party_list_10_20_30,47
party_list_10_20_31,60
party_list_10_20_32,34
party_list_10_20_33,86
party_list_10_20_34,36
party_list_10_20_35,74
party_list_10_20_36,135
party_list_10_20_37,12402
party_list_10_20_38,73
party_list_10_20_39,69
party_list_10_20_40,32
party_list_10_20_41,17
party_list_10_20_42,135
party_list_10_20_43,123
party_list_10_20_44,70
party_list_10_20_45,283
party_list_10_20_46,39727
party_list_10_20_47,155
party_list_10_20_48,711
party_list_10_20_49,999
party_list_10_20_50,0
party_list_10_20_51,64
party_list_10_20_52,0
party_list_10_20_53,0
party_list_10_20_54,19
party_list_10_20_55,17
party_list_10_20_56,0
party_list_10_20_57,26
party_list_10_21_1,63
party_list_10_21_2,215
party_list_10_21_3,74
party_list_10_21_4,84
party_list_10_21_5,165
party_list_10_21_6,1999
party_list_10_21_7,180
party_list_10_21_8,566
party_list_10_21_9,7078
party_list_10_21_10,409
party_list_10_21_11,1860
party_list_10_21_12,408
party_list_10_21_13,320
party_list_10_21_14,337
party_list_10_21_15,96
party_list_10_21_16,92
party_list_10_21_17,37
party_list_10_21_18,12
party_list_10_21_19,34
party_list_10_21_20,19
party_list_10_21_21,39
party_list_10_21_22,20
party_list_10_21_23,69
party_list_10_21_24,65
party_list_10_21_25,0
party_list_10_21_26,31
party_list_10_21_27,11993
party_list_10_21_28,101
party_list_10_21_29,1281
party_list_10_21_30,39
party_list_10_21_31,30
party_list_10_21_32,22
party_list_10_21_33,233
party_list_10_21_34,46
party_list_10_21_35,166
party_list_10_21_36,42
party_list_10_21_37,15843
party_list_10_21_38,42
party_list_10_21_39,62
party_list_10_21_40,12
party_list_10_21_41,12
party_list_10_21_42,129
party_list_10_21_43,136
party_list_10_21_44,66
party_list_10_21_45,55
party_list_10_21_46,46471
party_list_10_21_47,78
party_list_10_21_48,727
party_list_10_21_49,801
party_list_10_21_50,0
party_list_10_21_51,34
party_list_10_21_52,0
party_list_10_21_53,0
party_list_10_21_54,16
party_list_10_21_55,10
party_list_10_21_56,20
party_list_10_21_57,22
party_list_10_22_1,37
party_list_10_22_2,122
party_list_10_22_3,69
party_list_10_22_4,46
party_list_10_22_5,182
party_list_10_22_6,2320
party_list_10_22_7,220
party_list_10_22_8,402
party_list_10_22_9,6522
party_list_10_22_10,360
party_list_10_22_11,1734
party_list_10_22_12,435
party_list_10_22_13,227
party_list_10_22_14,14
party_list_10_22_15,59
party_list_10_22_16,59
party_list_10_22_17,57
party_list_10_22_18,0
party_list_10_22_19,15
party_list_10_22_20,10
party_list_10_22_21,24
party_list_10_22_22,19
party_list_10_22_23,107
party_list_10_22_24,24
party_list_10_22_25,0
party_list_10_22_26,31
party_list_10_22_27,10243
party_list_10_22_28,83
party_list_10_22_29,1529
party_list_10_22_30,17
party_list_10_22_31,38
party_list_10_22_32,12
party_list_10_22_33,160
party_list_10_22_34,29
party_list_10_22_35,108
party_list_10_22_36,60
party_list_10_22_37,17736
party_list_10_22_38,48
party_list_10_22_39,56
party_list_10_22_40,14
party_list_10_22_41,11
party_list_10_22_42,153
party_list_10_22_43,268
party_list_10_22_44,65
party_list_10_22_45,47
party_list_10_22_46,42832
party_list_10_22_47,84
party_list_10_22_48,759
party_list_10_22_49,754
party_list_10_22_50,0
party_list_10_22_51,14
party_list_10_22_52,0
party_list_10_22_53,0
party_list_10_22_54,0
party_list_10_22_55,0
party_list_10_22_56,11
party_list_10_22_57,15
party_list_10_23_1,105
party_list_10_23_2,160
party_list_10_23_3,38
party_list_10_23_4,27
party_list_10_23_5,143
party_list_10_23_6,2226
party_list_10_23_7,123
party_list_10_23_8,211
party_list_10_23_9,7888
party_list_10_23_10,357
party_list_10_23_11,1942
party_list_10_23_12,591
party_list_10_23_13,275
party_list_10_23_14,35
party_list_10_23_15,312
party_list_10_23_16,78
party_list_10_23_17,78
party_list_10_23_18,16
party_list_10_23_19,18
party_list_10_23_20,12
party_list_10_23_21,50
party_list_10_23_22,0
party_list_10_23_23,73
party_list_10_23_24,21
party_list_10_23_25,0
party_list_10_23_26,26
party_list_10_23_27,10166
party_list_10_23_28,69
party_list_10_23_29,1837
party_list_10_23_30,43
party_list_10_23_31,43
party_list_10_23_32,13
party_list_10_23_33,44
party_list_10_23_34,26
party_list_10_23_35,166
party_list_10_23_36,44
party_list_10_23_37,19116
party_list_10_23_38,44
party_list_10_23_39,52
party_list_10_23_40,18
party_list_10_23_41,0
party_list_10_23_42,101
party_list_10_23_43,132
party_list_10_23_44,59
party_list_10_23_45,49
party_list_10_23_46,47932
party_list_10_23_47,83
party_list_10_23_48,790
party_list_10_23_49,759
party_list_10_23_50,0
party_list_10_23_51,30
party_list_10_23_52,0
party_list_10_23_53,0
party_list_10_23_54,15
party_list_10_23_55,10
party_list_10_23_56,0
party_list_10_23_57,12
party_list_10_24_1,51
party_list_10_24_2,168
party_list_10_24_3,61
party_list_10_24_4,135
party_list_10_24_5,313
party_list_10_24_6,2180
party_list_10_24_7,196
party_list_10_24_8,290
party_list_10_24_9,7386
party_list_10_24_10,389
party_list_10_24_11,1783
party_list_10_24_12,501
party_list_10_24_13,272
party_list_10_24_14,15
party_list_10_24_15,50
party_list_10_24_16,70
party_list_10_24_17,47
party_list_10_24_18,11
party_list_10_24_19,22
party_list_10_24_20,21
party_list_10_24_21,25
party_list_10_24_22,13
party_list_10_24_23,50
party_list_10_24_24,17
party_list_10_24_25,11
party_list_10_24_26,47
party_list_10_24_27,10700
party_list_10_24_28,115
party_list_10_24_29,1859
party_list_10_24_30,21
party_list_10_24_31,37
party_list_10_24_32,16
party_list_10_24_33,54
party_list_10_24_34,24
party_list_10_24_35,131
party_list_10_24_36,119
party_list_10_24_37,17174
party_list_10_24_38,51
party_list_10_24_39,74
party_list_10_24_40,15
party_list_10_24_41,12
party_list_10_24_42,204
party_list_10_24_43,88
party_list_10_24_44,68
party_list_10_24_45,42
party_list_10_24_46,45577
party_list_10_24_47,79
party_list_10_24_48,893
party_list_10_24_49,661
party_list_10_24_50,0
party_list_10_24_51,19
party_list_10_24_52,0
party_list_10_24_53,0
party_list_10_24_54,17
party_list_10_24_55,0
party_list_10_24_56,14
party_list_10_24_57,11
party_list_10_25_1,52
party_list_10_25_2,311
party_list_10_25_3,112
party_list_10_25_4,420
party_list_10_25_5,147
party_list_10_25_6,2013
party_list_10_25_7,246
party_list_10_25_8,269
party_list_10_25_9,9264
party_list_10_25_10,364
party_list_10_25_11,1780
party_list_10_25_12,600
party_list_10_25_13,308
party_list_10_25_14,17
party_list_10_25_15,85
party_list_10_25_16,84
party_list_10_25_17,48
party_list_10_25_18,0
party_list_10_25_19,19
party_list_10_25_20,12
party_list_10_25_21,35
party_list_10_25_22,10
party_list_10_25_23,36
party_list_10_25_24,21
party_list_10_25_25,15
party_list_10_25_26,35
party_list_10_25_27,8749
party_list_10_25_28,60
party_list_10_25_29,1226
party_list_10_25_30,30
party_list_10_25_31,58
party_list_10_25_32,20
party_list_10_25_33,192
party_list_10_25_34,37
party_list_10_25_35,121
party_list_10_25_36,39
party_list_10_25_37,15076
party_list_10_25_38,43
party_list_10_25_39,56
party_list_10_25_40,14
party_list_10_25_41,12
party_list_10_25_42,129
party_list_10_25_43,93
party_list_10_25_44,56
party_list_10_25_45,28
party_list_10_25_46,41485
party_list_10_25_47,147
party_list_10_25_48,660
party_list_10_25_49,591
party_list_10_25_50,0
party_list_10_25_51,18
party_list_10_25_52,11
party_list_10_25_53,0
party_list_10_25_54,16
party_list_10_25_55,0
party_list_10_25_56,21
party_list_10_25_57,15
party_list_10_26_1,202
party_list_10_26_2,290
party_list_10_26_3,56
party_list_10_26_4,111
party_list_10_26_5,161
party_list_10_26_6,2033
party_list_10_26_7,547
party_list_10_26_8,291
party_list_10_26_9,10607
party_list_10_26_10,467
party_list_10_26_11,1862
party_list_10_26_12,520
party_list_10_26_13,297
party_list_10_26_14,36
party_list_10_26_15,40
party_list_10_26_16,93
party_list_10_26_17,56
party_list_10_26_18,0
party_list_10_26_19,22
party_list_10_26_20,24
party_list_10_26_21,30
party_list_10_26_22,16
party_list_10_26_23,56
party_list_10_26_24,24
party_list_10_26_25,10
party_list_10_26_26,57
party_list_10_26_27,8548
party_list_10_26_28,105
party_list_10_26_29,1403
party_list_10_26_30,31
party_list_10_26_31,51
party_list_10_26_32,28
party_list_10_26_33,60
party_list_10_26_34,29
party_list_10_26_35,104
party_list_10_26_36,76
party_list_10_26_37,15036
party_list_10_26_38,53
party_list_10_26_39,54
party_list_10_26_40,0
party_list_10_26_41,21
party_list_10_26_42,164
party_list_10_26_43,80
party_list_10_26_44,49
party_list_10_26_45,60
party_list_10_26_46,46203
party_list_10_26_47,287
party_list_10_26_48,1313
party_list_10_26_49,647
party_list_10_26_50,0
party_list_10_26_51,25
party_list_10_26_52,0
party_list_10_26_53,14
party_list_10_26_54,10
party_list_10_26_55,13
party_list_10_26_56,12
party_list_10_26_57,17
party_list_10_27_1,611
party_list_10_27_2,454
party_list_10_27_3,92
party_list_10_27_4,54
party_list_10_27_5,222
party_list_10_27_6,2031
party_list_10_27_7,302
party_list_10_27_8,294
party_list_10_27_9,12125
party_list_10_27_10,423
party_list_10_27_11,2226
party_list_10_27_12,620
party_list_10_27_13,333
party_list_10_27_14,12
party_list_10_27_15,42
party_list_10_27_16,93
party_list_10_27_17,71
party_list_10_27_18,0
party_list_10_27_19,24
party_list_10_27_20,18
party_list_10_27_21,32
party_list_10_27_22,19
party_list_10_27_23,31
party_list_10_27_24,21
party_list_10_27_25,13
party_list_10_27_26,38
party_list_10_27_27,8223
party_list_10_27_28,94
party_list_10_27_29,1273
party_list_10_27_30,42
party_list_10_27_31,53
party_list_10_27_32,16
party_list_10_27_33,54
party_list_10_27_34,24
party_list_10_27_35,117
party_list_10_27_36,49
party_list_10_27_37,13474
party_list_10_27_38,80
party_list_10_27_39,66
party_list_10_27_40,10
party_list_10_27_41,13
party_list_10_27_42,105
party_list_10_27_43,90
party_list_10_27_44,70
party_list_10_27_45,46
party_list_10_27_46,46136
party_list_10_27_47,184
party_list_10_27_48,744
party_list_10_27_49,615
party_list_10_27_50,0
party_list_10_27_51,15
party_list_10_27_52,0
party_list_10_27_53,0
party_list_10_27_54,14
party_list_10_27_55,0
party_list_10_27_56,20
party_list_10_27_57,20
party_list_10_28_1,105
party_list_10_28_2,842
party_list_10_28_3,300
party_list_10_28_4,119
party_list_10_28_5,191
party_list_10_28_6,2115
party_list_10_28_7,123
party_list_10_28_8,241
party_list_10_28_9,9850
party_list_10_28_10,495
party_list_10_28_11,2101
party_list_10_28_12,574
party_list_10_28_13,304
party_list_10_28_14,12
party_list_10_28_15,31
party_list_10_28_16,91
party_list_10_28_17,69
party_list_10_28_18,0
party_list_10_28_19,23
party_list_10_28_20,21
party_list_10_28_21,27
party_list_10_28_22,24
party_list_10_28_23,36
party_list_10_28_24,14
party_list_10_28_25,10
party_list_10_28_26,28
party_list_10_28_27,8185
party_list_10_28_28,106
party_list_10_28_29,1399
party_list_10_28_30,30
party_list_10_28_31,113
party_list_10_28_32,31
party_list_10_28_33,57
party_list_10_28_34,35
party_list_10_28_35,146
party_list_10_28_36,68
party_list_10_28_37,15648
party_list_10_28_38,61
party_list_10_28_39,132
party_list_10_28_40,0
party_list_10_28_41,12
party_list_10_28_42,162
party_list_10_28_43,114
party_list_10_28_44,71
party_list_10_28_45,62
party_list_10_28_46,48541
party_list_10_28_47,89
party_list_10_28_48,893
party_list_10_28_49,801
party_list_10_28_50,0
party_list_10_28_51,19
party_list_10_28_52,10
party_list_10_28_53,10
party_list_10_28_54,12
party_list_10_28_55,0
party_list_10_28_56,20
party_list_10_29_1,54
party_list_10_29_2,336
party_list_10_29_3,282
party_list_10_29_4,557
party_list_10_29_5,259
party_list_10_29_6,2447
party_list_10_29_7,206
party_list_10_29_8,442
party_list_10_29_9,11768
party_list_10_29_10,423
party_list_10_29_11,2371
party_list_10_29_12,529
party_list_10_29_13,328
party_list_10_29_14,23
party_list_10_29_15,52
party_list_10_29_16,83
party_list_10_29_17,75
party_list_10_29_18,22
party_list_10_29_19,32
party_list_10_29_20,13
party_list_10_29_21,42
party_list_10_29_22,31
party_list_10_29_23,27
party_list_10_29_24,14
party_list_10_29_25,12
party_list_10_29_26,29
party_list_10_29_27,9128
party_list_10_29_28,76
party_list_10_29_29,1590
party_list_10_29_30,28
party_list_10_29_31,64
party_list_10_29_32,35
party_list_10_29_33,75
party_list_10_29_34,44
party_list_10_29_35,201
party_list_10_29_36,56
party_list_10_29_37,16702
party_list_10_29_38,65
party_list_10_29_39,147
party_list_10_29_40,20
party_list_10_29_41,10
party_list_10_29_42,129
party_list_10_29_43,126
party_list_10_29_44,62
party_list_10_29_45,39
party_list_10_29_46,47605
party_list_10_29_47,70
party_list_10_29_48,1116
party_list_10_29_49,666
party_list_10_29_50,0
party_list_10_29_51,23
party_list_10_29_52,0
party_list_10_29_53,10
party_list_10_29_54,12
party_list_10_29_55,0
party_list_10_29_56,14
party_list_10_29_57,20
party_list_10_3_1,31
party_list_10_3_2,376
party_list_10_3_3,149
party_list_10_3_4,48
party_list_10_3_5,112
party_list_10_3_6,1613
party_list_10_3_7,101
party_list_10_3_8,274
party_list_10_3_9,5700
party_list_10_3_10,286
party_list_10_3_11,1304
party_list_10_3_12,424
party_list_10_3_13,200
party_list_10_3_14,10
party_list_10_3_15,34
party_list_10_3_16,38
party_list_10_3_17,33
party_list_10_3_18,0
party_list_10_3_19,19
party_list_10_3_20,15
party_list_10_3_21,23
party_list_10_3_22,31
party_list_10_3_23,39
party_list_10_3_24,16
party_list_10_3_25,10
party_list_10_3_26,33
party_list_10_3_27,12667
party_list_10_3_28,60
party_list_10_3_29,1669
party_list_10_3_30,13
party_list_10_3_31,35
party_list_10_3_32,21
party_list_10_3_33,68
party_list_10_3_34,20
party_list_10_3_35,118
party_list_10_3_36,42
party_list_10_3_37,15604
party_list_10_3_38,39
party_list_10_3_39,64
party_list_10_3_40,0
party_list_10_3_41,10
party_list_10_3_42,153
party_list_10_3_43,83
party_list_10_3_44,44
party_list_10_3_45,44
party_list_10_3_46,35819
party_list_10_3_47,89
party_list_10_3_48,583
party_list_10_3_49,618
party_list_10_3_50,0
party_list_10_3_51,24
party_list_10_3_52,0
party_list_10_3_53,10
party_list_10_3_54,0
party_list_10_3_55,0
party_list_10_3_56,14
party_list_10_3_57,10
party_list_10_30_1,38
party_list_10_30_2,276
party_list_10_30_3,73
party_list_10_30_4,82
party_list_10_30_5,165
party_list_10_30_6,2242
party_list_10_30_7,96
party_list_10_30_8,265
party_list_10_30_9,11023
party_list_10_30_10,888
party_list_10_30_11,1980
party_list_10_30_12,742
party_list_10_30_13,319
party_list_10_30_14,21
party_list_10_30_15,278
party_list_10_30_16,126
party_list_10_30_17,92
party_list_10_30_18,36
party_list_10_30_19,23
party_list_10_30_20,53
party_list_10_30_21,45
party_list_10_30_22,17
party_list_10_30_23,41
party_list_10_30_24,12
party_list_10_30_25,0
party_list_10_30_26,31
party_list_10_30_27,8679
party_list_10_30_28,64
party_list_10_30_29,1453
party_list_10_30_30,33
party_list_10_30_31,138
party_list_10_30_32,18
party_list_10_30_33,50
party_list_10_30_34,29
party_list_10_30_35,160
party_list_10_30_36,46
party_list_10_30_37,15715
party_list_10_30_38,55
party_list_10_30_39,147
party_list_10_30_40,11
party_list_10_30_41,26
party_list_10_30_42,107
party_list_10_30_43,93
party_list_10_30_44,50
party_list_10_30_45,91
party_list_10_30_46,46986
party_list_10_30_47,74
party_list_10_30_48,983
party_list_10_30_49,646
party_list_10_30_50,0
party_list_10_30_51,31
party_list_10_30_52,0
party_list_10_30_53,0
party_list_10_30_54,25
party_list_10_30_55,16
party_list_10_30_56,14
party_list_10_30_57,21
party_list_10_31_1,59
party_list_10_31_2,321
party_list_10_31_3,75
party_list_10_31_4,61
party_list_10_31_5,155
party_list_10_31_6,2861
party_list_10_31_7,239
party_list_10_31_8,319
party_list_10_31_9,11016
party_list_10_31_10,532
party_list_10_31_11,2208
party_list_10_31_12,741
party_list_10_31_13,390
party_list_10_31_14,34
party_list_10_31_15,36
party_list_10_31_16,113
party_list_10_31_17,74
party_list_10_31_18,0
party_list_10_31_19,31
party_list_10_31_20,13
party_list_10_31_21,33
party_list_10_31_22,20
party_list_10_31_23,51
party_list_10_31_24,36
party_list_10_31_25,0
party_list_10_31_26,21
party_list_10_31_27,11313
party_list_10_31_28,84
party_list_10_31_29,2060
party_list_10_31_30,23
party_list_10_31_31,69
party_list_10_31_32,37
party_list_10_31_33,61
party_list_10_31_34,37
party_list_10_31_35,226
party_list_10_31_36,65
party_list_10_31_37,19622
party_list_10_31_38,64
party_list_10_31_39,106
party_list_10_31_40,82
party_list_10_31_41,15
party_list_10_31_42,186
party_list_10_31_43,90
party_list_10_31_44,126
party_list_10_31_45,87
party_list_10_31_46,46204
party_list_10_31_47,86
party_list_10_31_48,914
party_list_10_31_49,749
party_list_10_31_50,0
party_list_10_31_51,17
party_list_10_31_52,0
party_list_10_31_53,0
party_list_10_31_54,0
party_list_10_31_55,0
party_list_10_31_56,23
party_list_10_31_57,18
party_list_10_32_1,105
party_list_10_32_2,784
party_list_10_32_3,81
party_list_10_32_4,61
party_list_10_32_5,151
party_list_10_32_6,2078
party_list_10_32_7,139
party_list_10_32_8,266
party_list_10_32_9,8901
party_list_10_32_10,437
party_list_10_32_11,1915
party_list_10_32_12,806
party_list_10_32_13,287
party_list_10_32_14,91
party_list_10_32_15,231
party_list_10_32_16,87
party_list_10_32_17,47
party_list_10_32_18,12
party_list_10_32_19,45
party_list_10_32_20,11
party_list_10_32_21,38
party_list_10_32_22,22
party_list_10_32_23,39
party_list_10_32_24,30
party_list_10_32_25,13
party_list_10_32_26,39
party_list_10_32_27,10053
party_list_10_32_28,70
party_list_10_32_29,1596
party_list_10_32_30,23
party_list_10_32_31,91
party_list_10_32_32,21
party_list_10_32_33,70
party_list_10_32_34,28
party_list_10_32_35,151
party_list_10_32_36,44
party_list_10_32_37,16304
party_list_10_32_38,50
party_list_10_32_39,130
party_list_10_32_40,24
party_list_10_32_41,0
party_list_10_32_42,172
party_list_10_32_43,121
party_list_10_32_44,66
party_list_10_32_45,55
party_list_10_32_46,41432
party_list_10_32_47,76
party_list_10_32_48,877
party_list_10_32_49,638
party_list_10_32_50,0
party_list_10_32_51,26
party_list_10_32_52,0
party_list_10_32_53,0
party_list_10_32_54,12
party_list_10_32_55,0
party_list_10_32_56,18
party_list_10_32_57,17
party_list_10_33_1,133
party_list_10_33_2,209
party_list_10_33_3,64
party_list_10_33_4,42
party_list_10_33_5,121
party_list_10_33_6,2580
party_list_10_33_7,162
party_list_10_33_8,660
party_list_10_33_9,8702
party_list_10_33_10,483
party_list_10_33_11,2273
party_list_10_33_12,716
party_list_10_33_13,371
party_list_10_33_14,26
party_list_10_33_15,37
party_list_10_33_16,66
party_list_10_33_17,43
party_list_10_33_18,0
party_list_10_33_19,24
party_list_10_33_20,11
party_list_10_33_21,44
party_list_10_33_22,21
party_list_10_33_23,36
party_list_10_33_24,73
party_list_10_33_25,0
party_list_10_33_26,28
party_list_10_33_27,12080
party_list_10_33_28,103
party_list_10_33_29,2025
party_list_10_33_30,16
party_list_10_33_31,60
party_list_10_33_32,27
party_list_10_33_33,100
party_list_10_33_34,34
party_list_10_33_35,168
party_list_10_33_36,136
party_list_10_33_37,18532
party_list_10_33_38,47
party_list_10_33_39,92
party_list_10_33_40,28
party_list_10_33_41,18
party_list_10_33_42,174
party_list_10_33_43,84
party_list_10_33_44,92
party_list_10_33_45,437
party_list_10_33_46,44347
party_list_10_33_47,102
party_list_10_33_48,904
party_list_10_33_49,1101
party_list_10_33_50,0
party_list_10_33_51,30
party_list_10_33_52,10
party_list_10_33_53,10
party_list_10_33_54,0
party_list_10_33_55,11
party_list_10_33_56,21
party_list_10_33_57,20
party_list_10_4_1,353
party_list_10_4_2,306
party_list_10_4_3,54
party_list_10_4_4,88
party_list_10_4_5,101
party_list_10_4_6,1674
party_list_10_4_7,74
party_list_10_4_8,268
party_list_10_4_9,5499
party_list_10_4_10,298
party_list_10_4_11,1399
party_list_10_4_12,365
party_list_10_4_13,186
party_list_10_4_14,12
party_list_10_4_15,48
party_list_10_4_16,44
party_list_10_4_17,39
party_list_10_4_18,0
party_list_10_4_19,12
party_list_10_4_20,13
party_list_10_4_21,35
party_list_10_4_22,0
party_list_10_4_23,50
party_list_10_4_24,42
party_list_10_4_25,12
party_list_10_4_26,40
party_list_10_4_27,11540
party_list_10_4_28,53
party_list_10_4_29,1480
party_list_10_4_30,27
party_list_10_4_31,39
party_list_10_4_32,16
party_list_10_4_33,72
party_list_10_4_34,20
party_list_10_4_35,107
party_list_10_4_36,43
party_list_10_4_37,16202
party_list_10_4_38,46
party_list_10_4_39,67
party_list_10_4_40,0
party_list_10_4_41,0
party_list_10_4_42,861
party_list_10_4_43,93
party_list_10_4_44,47
party_list_10_4_45,40
party_list_10_4_46,36150
party_list_10_4_47,72
party_list_10_4_48,655
party_list_10_4_49,565
party_list_10_4_50,0
party_list_10_4_51,21
party_list_10_4_52,0
party_list_10_4_53,0
party_list_10_4_54,12
party_list_10_4_55,0
party_list_10_4_56,0
party_list_10_4_57,13
party_list_10_5_1,678
party_list_10_5_2,145
party_list_10_5_3,56
party_list_10_5_4,210
party_list_10_5_5,102
party_list_10_5_6,2239
party_list_10_5_7,108
party_list_10_5_8,192
party_list_10_5_9,7684
party_list_10_5_10,310
party_list_10_5_11,1307
party_list_10_5_12,334
party_list_10_5_13,376
party_list_10_5_14,14
party_list_10_5_15,28
party_list_10_5_16,80
party_list_10_5_17,33
party_list_10_5_18,0
party_list_10_5_19,19
party_list_10_5_20,15
party_list_10_5_21,32
party_list_10_5_22,10
party_list_10_5_23,54
party_list_10_5_24,15
party_list_10_5_25,29
party_list_10_5_26,76
party_list_10_5_27,9790
party_list_10_5_28,70
party_list_10_5_29,1554
party_list_10_5_30,13
party_list_10_5_31,39
party_list_10_5_32,14
party_list_10_5_33,125
party_list_10_5_34,35
party_list_10_5_35,155
party_list_10_5_36,53
party_list_10_5_37,19329
party_list_10_5_38,36
party_list_10_5_39,64
party_list_10_5_40,10
party_list_10_5_41,0
party_list_10_5_42,161
party_list_10_5_43,97
party_list_10_5_44,91
party_list_10_5_45,43
party_list_10_5_46,46080
party_list_10_5_47,83
party_list_10_5_48,795
party_list_10_5_49,682
party_list_10_5_50,0
party_list_10_5_51,16
party_list_10_5_52,0
party_list_10_5_53,0
party_list_10_5_54,0
party_list_10_5_55,0
party_list_10_5_56,12
party_list_10_5_57,13
party_list_10_6_1,40
party_list_10_6_2,141
party_list_10_6_3,76
party_list_10_6_4,122
party_list_10_6_5,213
party_list_10_6_6,2942
party_list_10_6_7,256
party_list_10_6_8,259
party_list_10_6_9,8024
party_list_10_6_10,401
party_list_10_6_11,2620
party_list_10_6_12,332
party_list_10_6_13,293
party_list_10_6_14,51
party_list_10_6_15,50
party_list_10_6_16,55
party_list_10_6_17,48
party_list_10_6_18,15
party_list_10_6_19,23
party_list_10_6_20,14
party_list_10_6_21,21
party_list_10_6_22,20
party_list_10_6_23,45
party_list_10_6_24,16
party_list_10_6_25,16
party_list_10_6_26,81
party_list_10_6_27,10980
party_list_10_6_28,81
party_list_10_6_29,1924
party_list_10_6_30,25
party_list_10_6_31,41
party_list_10_6_32,17
party_list_10_6_33,57
party_list_10_6_34,24
party_list_10_6_35,112
party_list_10_6_36,212
party_list_10_6_37,17561
party_list_10_6_38,145
party_list_10_6_39,91
party_list_10_6_40,23
party_list_10_6_41,16
party_list_10_6_42,211
party_list_10_6_43,110
party_list_10_6_44,1950
party_list_10_6_45,45
party_list_10_6_46,44984
party_list_10_6_47,148
party_list_10_6_48,758
party_list_10_6_49,715
party_list_10_6_50,0
party_list_10_6_51,22
party_list_10_6_52,0
party_list_10_6_53,0
party_list_10_6_54,24
party_list_10_6_55,0
party_list_10_6_56,13
party_list_10_6_57,14
party_list_10_7_1,79
party_list_10_7_2,225
party_list_10_7_3,120
party_list_10_7_4,257
party_list_10_7_5,177
party_list_10_7_6,5162
party_list_10_7_7,158
party_list_10_7_8,400
party_list_10_7_9,8129
party_list_10_7_10,454
party_list_10_7_11,2261
party_list_10_7_12,367
party_list_10_7_13,313
party_list_10_7_14,20
party_list_10_7_15,41
party_list_10_7_16,81
party_list_10_7_17,42
party_list_10_7_18,11
party_list_10_7_19,24
party_list_10_7_20,16
party_list_10_7_21,52
party_list_10_7_22,0
party_list_10_7_23,42
party_list_10_7_24,17
party_list_10_7_25,0
party_list_10_7_26,17
party_list_10_7_27,7869
party_list_10_7_28,75
party_list_10_7_29,1466
party_list_10_7_30,33
party_list_10_7_31,51
party_list_10_7_32,15
party_list_10_7_33,52
party_list_10_7_34,18
party_list_10_7_35,149
party_list_10_7_36,54
party_list_10_7_37,16552
party_list_10_7_38,46
party_list_10_7_39,74
party_list_10_7_40,18
party_list_10_7_41,15
party_list_10_7_42,153
party_list_10_7_43,142
party_list_10_7_44,103
party_list_10_7_45,274
party_list_10_7_46,40808
party_list_10_7_47,90
party_list_10_7_48,730
party_list_10_7_49,674
party_list_10_7_50,12
party_list_10_7_51,18
party_list_10_7_52,0
party_list_10_7_53,12
party_list_10_7_54,10
party_list_10_7_55,11
party_list_10_7_56,23
party_list_10_7_57,18
party_list_10_8_1,0
party_list_10_8_2,0
party_list_10_8_3,42
party_list_10_8_4,49
party_list_10_8_5,385
party_list_10_8_6,2695
party_list_10_8_7,132
party_list_10_8_8,179
party_list_10_8_9,10503
party_list_10_8_10,468
party_list_10_8_11,1693
party_list_10_8_12,409
party_list_10_8_13,235
party_list_10_8_14,45
party_list_10_8_15,87
party_list_10_8_16,81
party_list_10_8_17,32
party_list_10_8_18,10
party_list_10_8_19,88
party_list_10_8_20,29
party_list_10_8_21,29
party_list_10_8_22,18
party_list_10_8_23,47
party_list_10_8_24,24
party_list_10_8_25,17
party_list_10_8_26,19
party_list_10_8_27,10313
party_list_10_8_28,77
party_list_10_8_29,2065
party_list_10_8_30,28
party_list_10_8_31,45
party_list_10_8_32,19
party_list_10_8_33,51
party_list_10_8_34,27
party_list_10_8_35,233
party_list_10_8_36,49
party_list_10_8_37,20176
party_list_10_8_38,53
party_list_10_8_39,105
party_list_10_8_40,0
party_list_10_8_41,15
party_list_10_8_42,176
party_list_10_8_43,115
party_list_10_8_44,174
party_list_10_8_45,47
party_list_10_8_46,46772
party_list_10_8_47,73
party_list_10_8_48,923
party_list_10_8_49,926
party_list_10_8_50,0
party_list_10_8_51,22
party_list_10_8_52,10
party_list_10_8_53,0
party_list_10_8_54,19
party_list_10_8_55,11
party_list_10_8_56,12
party_list_10_8_57,20
party_list_10_9_1,62
party_list_10_9_2,210
party_list_10_9_3,57
party_list_10_9_4,38
party_list_10_9_5,309
party_list_10_9_6,2640
party_list_10_9_7,133
party_list_10_9_8,362
party_list_10_9_9,9729
party_list_10_9_10,480
party_list_10_9_11,1852
party_list_10_9_12,467
party_list_10_9_13,230
party_list_10_9_14,14
party_list_10_9_15,55
party_list_10_9_16,71
party_list_10_9_17,36
party_list_10_9_18,10
party_list_10_9_19,18
party_list_10_9_20,19
party_list_10_9_21,61
party_list_10_9_22,14
party_list_10_9_23,57
party_list_10_9_24,42
party_list_10_9_25,0
party_list_10_9_26,26
party_list_10_9_27,9108
party_list_10_9_28,78
party_list_10_9_29,1669
party_list_10_9_30,21
party_list_10_9_31,45
party_list_10_9_32,23
party_list_10_9_33,56
party_list_10_9_34,24
party_list_10_9_35,162
party_list_10_9_36,170
party_list_10_9_37,19538
party_list_10_9_38,45
party_list_10_9_39,140
party_list_10_9_40,13
party_list_10_9_41,18
party_list_10_9_42,599
party_list_10_9_43,138
party_list_10_9_44,141
party_list_10_9_45,66
party_list_10_9_46,47230
party_list_10_9_47,75
party_list_10_9_48,1075
party_list_10_9_49,832
party_list_10_9_50,0
party_list_10_9_51,25
party_list_10_9_52,0
party_list_10_9_53,0
party_list_10_9_54,13
party_list_10_9_55,0
party_list_10_9_56,14
party_list_10_9_57,16
party_list_11_1_1,95
party_list_11_1_2,581
party_list_11_1_3,1307
party_list_11_1_4,213
party_list_11_1_5,291
party_list_11_1_6,1879
party_list_11_1_7,279
party_list_11_1_8,356
party_list_11_1_9,15344
party_list_11_1_10,416
party_list_11_1_11,2588
party_list_11_1_12,447
party_list_11_1_13,439
party_list_11_1_14,19
party_list_11_1_15,52
party_list_11_1_16,104
party_list_11_1_17,60
party_list_11_1_18,0
party_list_11_1_19,22
party_list_11_1_20,15
party_list_11_1_21,34
party_list_11_1_22,14
party_list_11_1_23,197
party_list_11_1_24,11
party_list_11_1_25,12
party_list_11_1_26,25
party_list_11_1_27,5471
party_list_11_1_28,85
party_list_11_1_29,1036
party_list_11_1_30,76
party_list_11_1_31,56
party_list_11_1_32,50
party_list_11_1_33,63
party_list_11_1_34,58
party_list_11_1_35,109
party_list_11_1_36,53
party_list_11_1_37,14160
party_list_11_1_38,80
party_list_11_1_39,59
party_list_11_1_40,30
party_list_11_1_41,19
party_list_11_1_42,144
party_list_11_1_43,247
party_list_11_1_44,30
party_list_11_1_45,42
party_list_11_1_46,43207
party_list_11_1_47,198
party_list_11_1_48,370
party_list_11_1_49,366
party_list_11_1_50,0
party_list_11_1_51,33
party_list_11_1_52,0
party_list_11_1_53,0
party_list_11_1_54,21
party_list_11_1_55,0
party_list_11_1_56,11
party_list_11_1_57,25
party_list_11_2_1,124
party_list_11_2_2,626
party_list_11_2_3,289
party_list_11_2_4,73
party_list_11_2_5,305
party_list_11_2_6,1902
party_list_11_2_7,322
party_list_11_2_8,1947
party_list_11_2_9,16377
party_list_11_2_10,522
party_list_11_2_11,3080
party_list_11_2_12,605
party_list_11_2_13,533
party_list_11_2_14,35
party_list_11_2_15,60
party_list_11_2_16,196
party_list_11_2_17,84
party_list_11_2_18,27
party_list_11_2_19,26
party_list_11_2_20,18
party_list_11_2_21,60
party_list_11_2_22,31
party_list_11_2_23,137
party_list_11_2_24,29
party_list_11_2_25,19
party_list_11_2_26,46
party_list_11_2_27,4662
party_list_11_2_28,149
party_list_11_2_29,625
party_list_11_2_30,153
party_list_11_2_31,63
party_list_11_2_32,40
party_list_11_2_33,65
party_list_11_2_34,43
party_list_11_2_35,65
party_list_11_2_36,42
party_list_11_2_37,11880
party_list_11_2_38,103
party_list_11_2_39,63
party_list_11_2_40,45
party_list_11_2_41,15
party_list_11_2_42,96
party_list_11_2_43,154
party_list_11_2_44,32
party_list_11_2_45,49
party_list_11_2_46,43068
party_list_11_2_47,211
party_list_11_2_48,423
party_list_11_2_49,310
party_list_11_2_50,0
party_list_11_2_51,44
party_list_11_2_52,11
party_list_11_2_53,0
party_list_11_2_54,25
party_list_11_2_55,0
party_list_11_2_56,21
party_list_11_2_57,25
party_list_11_3_1,74
party_list_11_3_2,501
party_list_11_3_3,431
party_list_11_3_4,349
party_list_11_3_5,234
party_list_11_3_6,2050
party_list_11_3_7,121
party_list_11_3_8,819
party_list_11_3_9,9982
party_list_11_3_10,380
party_list_11_3_11,2267
party_list_11_3_12,407
party_list_11_3_13,411
party_list_11_3_14,15
party_list_11_3_15,44
party_list_11_3_16,105
party_list_11_3_17,62
party_list_11_3_18,12
party_list_11_3_19,27
party_list_11_3_20,17
party_list_11_3_21,29
party_list_11_3_22,17
party_list_11_3_23,265
party_list_11_3_24,35
party_list_11_3_25,12
party_list_11_3_26,65
party_list_11_3_27,8372
party_list_11_3_28,123
party_list_11_3_29,1246
party_list_11_3_30,77
party_list_11_3_31,52
party_list_11_3_32,42
party_list_11_3_33,67
party_list_11_3_34,40
party_list_11_3_35,85
party_list_11_3_36,44
party_list_11_3_37,14946
party_list_11_3_38,126
party_list_11_3_39,76
party_list_11_3_40,41
party_list_11_3_41,0
party_list_11_3_42,262
party_list_11_3_43,155
party_list_11_3_44,49
party_list_11_3_45,44
party_list_11_3_46,45185
party_list_11_3_47,125
party_list_11_3_48,508
party_list_11_3_49,367
party_list_11_3_50,0
party_list_11_3_51,35
party_list_11_3_52,11
party_list_11_3_53,0
party_list_11_3_54,17
party_list_11_3_55,0
party_list_11_3_56,22
party_list_11_3_57,25
party_list_11_4_1,146
party_list_11_4_2,556
party_list_11_4_3,144
party_list_11_4_4,85
party_list_11_4_5,236
party_list_11_4_6,1893
party_list_11_4_7,617
party_list_11_4_8,243
party_list_11_4_9,9839
party_list_11_4_10,491
party_list_11_4_11,2046
party_list_11_4_12,536
party_list_11_4_13,399
party_list_11_4_14,26
party_list_11_4_15,45
party_list_11_4_16,121
party_list_11_4_17,62
party_list_11_4_18,11
party_list_11_4_19,16
party_list_11_4_20,15
party_list_11_4_21,47
party_list_11_4_22,17
party_list_11_4_23,136
party_list_11_4_24,21
party_list_11_4_25,14
party_list_11_4_26,25
party_list_11_4_27,6746
party_list_11_4_28,92
party_list_11_4_29,1100
party_list_11_4_30,336
party_list_11_4_31,54
party_list_11_4_32,28
party_list_11_4_33,57
party_list_11_4_34,38
party_list_11_4_35,93
party_list_11_4_36,64
party_list_11_4_37,16280
party_list_11_4_38,51
party_list_11_4_39,79
party_list_11_4_40,35
party_list_11_4_41,10
party_list_11_4_42,172
party_list_11_4_43,153
party_list_11_4_44,272
party_list_11_4_45,45
party_list_11_4_46,50487
party_list_11_4_47,390
party_list_11_4_48,487
party_list_11_4_49,549
party_list_11_4_50,0
party_list_11_4_51,38
party_list_11_4_52,12
party_list_11_4_53,0
party_list_11_4_54,23
party_list_11_4_55,10
party_list_11_4_56,11
party_list_11_4_57,23
party_list_11_5_1,149
party_list_11_5_2,538
party_list_11_5_3,238
party_list_11_5_4,225
party_list_11_5_5,375
party_list_11_5_6,2110
party_list_11_5_7,130
party_list_11_5_8,361
party_list_11_5_9,11530
party_list_11_5_10,588
party_list_11_5_11,3249
party_list_11_5_12,792
party_list_11_5_13,614
party_list_11_5_14,51
party_list_11_5_15,70
party_list_11_5_16,150
party_list_11_5_17,72
party_list_11_5_18,21
party_list_11_5_19,34
party_list_11_5_20,22
party_list_11_5_21,70
party_list_11_5_22,18
party_list_11_5_23,137
party_list_11_5_24,19
party_list_11_5_25,21
party_list_11_5_26,30
party_list_11_5_27,6261
party_list_11_5_28,162
party_list_11_5_29,880
party_list_11_5_30,101
party_list_11_5_31,80
party_list_11_5_32,42
party_list_11_5_33,134
party_list_11_5_34,70
party_list_11_5_35,82
party_list_11_5_36,130
party_list_11_5_37,16262
party_list_11_5_38,89
party_list_11_5_39,58
party_list_11_5_40,40
party_list_11_5_41,30
party_list_11_5_42,137
party_list_11_5_43,407
party_list_11_5_44,148
party_list_11_5_45,52
party_list_11_5_46,56547
party_list_11_5_47,178
party_list_11_5_48,534
party_list_11_5_49,724
party_list_11_5_50,0
party_list_11_5_51,66
party_list_11_5_52,13
party_list_11_5_53,0
party_list_11_5_54,30
party_list_11_5_55,0
party_list_11_5_56,24
party_list_11_5_57,32
party_list_11_6_1,113
party_list_11_6_2,529
party_list_11_6_3,238
party_list_11_6_4,1333
party_list_11_6_5,403
party_list_11_6_6,1841
party_list_11_6_7,333
party_list_11_6_8,633
party_list_11_6_9,8917
party_list_11_6_10,420
party_list_11_6_11,2359
party_list_11_6_12,699
party_list_11_6_13,488
party_list_11_6_14,41
party_list_11_6_15,48
party_list_11_6_16,123
party_list_11_6_17,72
party_list_11_6_18,27
party_list_11_6_19,22
party_list_11_6_20,15
party_list_11_6_21,33
party_list_11_6_22,23
party_list_11_6_23,278
party_list_11_6_24,41
party_list_11_6_25,18
party_list_11_6_26,39
party_list_11_6_27,4671
party_list_11_6_28,115
party_list_11_6_29,800
party_list_11_6_30,66
party_list_11_6_31,68
party_list_11_6_32,49
party_list_11_6_33,149
party_list_11_6_34,152
party_list_11_6_35,85
party_list_11_6_36,90
party_list_11_6_37,22294
party_list_11_6_38,72
party_list_11_6_39,53
party_list_11_6_40,53
party_list_11_6_41,17
party_list_11_6_42,100
party_list_11_6_43,141
party_list_11_6_44,40
party_list_11_6_45,51
party_list_11_6_46,35615
party_list_11_6_47,275
party_list_11_6_48,468
party_list_11_6_49,439
party_list_11_6_50,15
party_list_11_6_51,37
party_list_11_6_52,11
party_list_11_6_53,15
party_list_11_6_54,16
party_list_11_6_55,14
party_list_11_6_56,15
party_list_11_6_57,37
party_list_11_7_1,1120
party_list_11_7_2,936
party_list_11_7_3,186
party_list_11_7_4,113
party_list_11_7_5,429
party_list_11_7_6,1940
party_list_11_7_7,685
party_list_11_7_8,849
party_list_11_7_9,12155
party_list_11_7_10,516
party_list_11_7_11,2994
party_list_11_7_12,586
party_list_11_7_13,623
party_list_11_7_14,26
party_list_11_7_15,84
party_list_11_7_16,164
party_list_11_7_17,87
party_list_11_7_18,20
party_list_11_7_19,18
party_list_11_7_20,28
party_list_11_7_21,44
party_list_11_7_22,27
party_list_11_7_23,76
party_list_11_7_24,38
party_list_11_7_25,15
party_list_11_7_26,45
party_list_11_7_27,4974
party_list_11_7_28,163
party_list_11_7_29,680
party_list_11_7_30,102
party_list_11_7_31,141
party_list_11_7_32,123
party_list_11_7_33,79
party_list_11_7_34,66
party_list_11_7_35,90
party_list_11_7_36,96
party_list_11_7_37,16854
party_list_11_7_38,88
party_list_11_7_39,60
party_list_11_7_40,29
party_list_11_7_41,19
party_list_11_7_42,238
party_list_11_7_43,161
party_list_11_7_44,31
party_list_11_7_45,263
party_list_11_7_46,48816
party_list_11_7_47,161
party_list_11_7_48,642
party_list_11_7_49,413
party_list_11_7_50,0
party_list_11_7_51,52
party_list_11_7_52,14
party_list_11_7_53,0
party_list_11_7_54,12
party_list_11_7_55,11
party_list_11_7_56,21
party_list_11_7_57,43
party_list_11_8_1,182
party_list_11_8_2,1091
party_list_11_8_3,1641
party_list_11_8_4,179
party_list_11_8_5,545
party_list_11_8_6,2216
party_list_11_8_7,1489
party_list_11_8_8,578
party_list_11_8_9,15086
party_list_11_8_10,697
party_list_11_8_11,3840
party_list_11_8_12,863
party_list_11_8_13,711
party_list_11_8_14,37
party_list_11_8_15,107
party_list_11_8_16,273
party_list_11_8_17,87
party_list_11_8_18,27
party_list_11_8_19,70
party_list_11_8_20,31
party_list_11_8_21,69
party_list_11_8_22,49
party_list_11_8_23,189
party_list_11_8_24,74
party_list_11_8_25,17
party_list_11_8_26,53
party_list_11_8_27,5659
party_list_11_8_28,218
party_list_11_8_29,728
party_list_11_8_30,183
party_list_11_8_31,122
party_list_11_8_32,108
party_list_11_8_33,156
party_list_11_8_34,88
party_list_11_8_35,124
party_list_11_8_36,168
party_list_11_8_37,15076
party_list_11_8_38,163
party_list_11_8_39,57
party_list_11_8_40,67
party_list_11_8_41,46
party_list_11_8_42,1784
party_list_11_8_43,434
party_list_11_8_44,46
party_list_11_8_45,88
party_list_11_8_46,47267
party_list_11_8_47,207
party_list_11_8_48,369
party_list_11_8_49,646
party_list_11_8_50,17
party_list_11_8_51,52
party_list_11_8_52,19
party_list_11_8_53,17
party_list_11_8_54,41
party_list_11_8_55,17
party_list_11_8_56,24
party_list_11_8_57,50
party_list_12_1_1,178
party_list_12_1_2,290
party_list_12_1_3,76
party_list_12_1_4,209
party_list_12_1_5,249
party_list_12_1_6,3740
party_list_12_1_7,265
party_list_12_1_8,348
party_list_12_1_9,9120
party_list_12_1_10,522
party_list_12_1_11,2063
party_list_12_1_12,586
party_list_12_1_13,296
party_list_12_1_14,24
party_list_12_1_15,38
party_list_12_1_16,83
party_list_12_1_17,40
party_list_12_1_18,12
party_list_12_1_19,38
party_list_12_1_20,174
party_list_12_1_21,51
party_list_12_1_22,26
party_list_12_1_23,32
party_list_12_1_24,32
party_list_12_1_25,0
party_list_12_1_26,28
party_list_12_1_27,8340
party_list_12_1_28,105
party_list_12_1_29,1961
party_list_12_1_30,34
party_list_12_1_31,58
party_list_12_1_32,34
party_list_12_1_33,85
party_list_12_1_34,38
party_list_12_1_35,159
party_list_12_1_36,66
party_list_12_1_37,19003
party_list_12_1_38,75
party_list_12_1_39,95
party_list_12_1_40,18
party_list_12_1_41,0
party_list_12_1_42,825
party_list_12_1_43,162
party_list_12_1_44,59
party_list_12_1_45,31
party_list_12_1_46,43908
party_list_12_1_47,94
party_list_12_1_48,2125
party_list_12_1_49,700
party_list_12_1_50,0
party_list_12_1_51,17
party_list_12_1_52,21
party_list_12_1_53,0
party_list_12_1_54,0
party_list_12_1_55,0
party_list_12_1_56,0
party_list_12_1_57,25
party_list_12_2_1,65
party_list_12_2_2,282
party_list_12_2_3,299
party_list_12_2_4,95
party_list_12_2_5,526
party_list_12_2_6,2032
party_list_12_2_7,327
party_list_12_2_8,190
party_list_12_2_9,9236
party_list_12_2_10,474
party_list_12_2_11,1897
party_list_12_2_12,535
party_list_12_2_13,284
party_list_12_2_14,18
party_list_12_2_15,29
party_list_12_2_16,80
party_list_12_2_17,42
party_list_12_2_18,0
party_list_12_2_19,27
party_list_12_2_20,37
party_list_12_2_21,52
party_list_12_2_22,31
party_list_12_2_23,29
party_list_12_2_24,13
party_list_12_2_25,0
party_list_12_2_26,32
party_list_12_2_27,6874
party_list_12_2_28,74
party_list_12_2_29,1851
party_list_12_2_30,23
party_list_12_2_31,45
party_list_12_2_32,30
party_list_12_2_33,72
party_list_12_2_34,35
party_list_12_2_35,259
party_list_12_2_36,51
party_list_12_2_37,16577
party_list_12_2_38,195
party_list_12_2_39,71
party_list_12_2_40,14
party_list_12_2_41,0
party_list_12_2_42,105
party_list_12_2_43,129
party_list_12_2_44,62
party_list_12_2_45,219
party_list_12_2_46,38205
party_list_12_2_47,170
party_list_12_2_48,1321
party_list_12_2_49,526
party_list_12_2_50,0
party_list_12_2_51,27
party_list_12_2_52,0
party_list_12_2_53,13
party_list_12_2_54,20
party_list_12_2_55,13
party_list_12_2_56,12
party_list_12_2_57,27
party_list_12_3_1,86
party_list_12_3_2,1848
party_list_12_3_3,157
party_list_12_3_4,105
party_list_12_3_5,254
party_list_12_3_6,2345
party_list_12_3_7,366
party_list_12_3_8,359
party_list_12_3_9,10922
party_list_12_3_10,711
party_list_12_3_11,2393
party_list_12_3_12,605
party_list_12_3_13,377
party_list_12_3_14,20
party_list_12_3_15,52
party_list_12_3_16,114
party_list_12_3_17,52
party_list_12_3_18,13
party_list_12_3_19,28
party_list_12_3_20,23
party_list_12_3_21,37
party_list_12_3_22,21
party_list_12_3_23,47
party_list_12_3_24,31
party_list_12_3_25,17
party_list_12_3_26,31
party_list_12_3_27,8407
party_list_12_3_28,95
party_list_12_3_29,1592
party_list_12_3_30,50
party_list_12_3_31,83
party_list_12_3_32,36
party_list_12_3_33,54
party_list_12_3_34,38
party_list_12_3_35,114
party_list_12_3_36,52
party_list_12_3_37,18327
party_list_12_3_38,69
party_list_12_3_39,94
party_list_12_3_40,24
party_list_12_3_41,0
party_list_12_3_42,167
party_list_12_3_43,554
party_list_12_3_44,86
party_list_12_3_45,42
party_list_12_3_46,47712
party_list_12_3_47,185
party_list_12_3_48,1162
party_list_12_3_49,632
party_list_12_3_50,0
party_list_12_3_51,33
party_list_12_3_52,0
party_list_12_3_53,0
party_list_12_3_54,12
party_list_12_3_55,13
party_list_12_3_56,12
party_list_12_3_57,19
party_list_12_4_1,71
party_list_12_4_2,449
party_list_12_4_3,75
party_list_12_4_4,88
party_list_12_4_5,693
party_list_12_4_6,2232
party_list_12_4_7,676
party_list_12_4_8,310
party_list_12_4_9,10348
party_list_12_4_10,486
party_list_12_4_11,2118
party_list_12_4_12,511
party_list_12_4_13,259
party_list_12_4_14,19
party_list_12_4_15,31
party_list_12_4_16,88
party_list_12_4_17,37
party_list_12_4_18,0
party_list_12_4_19,23
party_list_12_4_20,33
party_list_12_4_21,50
party_list_12_4_22,22
party_list_12_4_23,25
party_list_12_4_24,25
party_list_12_4_25,12
party_list_12_4_26,20
party_list_12_4_27,6672
party_list_12_4_28,102
party_list_12_4_29,1542
party_list_12_4_30,38
party_list_12_4_31,53
party_list_12_4_32,28
party_list_12_4_33,48
party_list_12_4_34,37
party_list_12_4_35,125
party_list_12_4_36,67
party_list_12_4_37,20330
party_list_12_4_38,51
party_list_12_4_39,103
party_list_12_4_40,18
party_list_12_4_41,10
party_list_12_4_42,206
party_list_12_4_43,123
party_list_12_4_44,84
party_list_12_4_45,24
party_list_12_4_46,38204
party_list_12_4_47,90
party_list_12_4_48,692
party_list_12_4_49,529
party_list_12_4_50,0
party_list_12_4_51,19
party_list_12_4_52,10
party_list_12_4_53,24
party_list_12_4_54,13
party_list_12_4_55,0
party_list_12_4_56,15
party_list_12_4_57,25
party_list_12_5_1,97
party_list_12_5_2,456
party_list_12_5_3,140
party_list_12_5_4,152
party_list_12_5_5,1783
party_list_12_5_6,2322
party_list_12_5_7,424
party_list_12_5_8,530
party_list_12_5_9,9299
party_list_12_5_10,570
party_list_12_5_11,2264
party_list_12_5_12,448
party_list_12_5_13,334
party_list_12_5_14,32
party_list_12_5_15,50
party_list_12_5_16,110
party_list_12_5_17,40
party_list_12_5_18,12
party_list_12_5_19,43
party_list_12_5_20,56
party_list_12_5_21,33
party_list_12_5_22,139
party_list_12_5_23,32
party_list_12_5_24,41
party_list_12_5_25,10
party_list_12_5_26,29
party_list_12_5_27,7653
party_list_12_5_28,83
party_list_12_5_29,1490
party_list_12_5_30,44
party_list_12_5_31,64
party_list_12_5_32,45
party_list_12_5_33,242
party_list_12_5_34,80
party_list_12_5_35,169
party_list_12_5_36,182
party_list_12_5_37,22453
party_list_12_5_38,88
party_list_12_5_39,72
party_list_12_5_40,14
party_list_12_5_41,12
party_list_12_5_42,309
party_list_12_5_43,229
party_list_12_5_44,75
party_list_12_5_45,53
party_list_12_5_46,43742
party_list_12_5_47,109
party_list_12_5_48,1432
party_list_12_5_49,591
party_list_12_5_50,0
party_list_12_5_51,34
party_list_12_5_52,14
party_list_12_5_53,11
party_list_12_5_54,12
party_list_12_5_55,11
party_list_12_5_56,18
party_list_12_5_57,27
party_list_12_6_1,285
party_list_12_6_2,2556
party_list_12_6_3,156
party_list_12_6_4,2063
party_list_12_6_5,2425
party_list_12_6_6,2317
party_list_12_6_7,251
party_list_12_6_8,412
party_list_12_6_9,11441
party_list_12_6_10,570
party_list_12_6_11,2452
party_list_12_6_12,529
party_list_12_6_13,320
party_list_12_6_14,25
party_list_12_6_15,35
party_list_12_6_16,101
party_list_12_6_17,61
party_list_12_6_18,16
party_list_12_6_19,33
party_list_12_6_20,21
party_list_12_6_21,33
party_list_12_6_22,19
party_list_12_6_23,24
party_list_12_6_24,23
party_list_12_6_25,0
party_list_12_6_26,23
party_list_12_6_27,7565
party_list_12_6_28,78
party_list_12_6_29,1198
party_list_12_6_30,43
party_list_12_6_31,140
party_list_12_6_32,51
party_list_12_6_33,85
party_list_12_6_34,57
party_list_12_6_35,117
party_list_12_6_36,76
party_list_12_6_37,18715
party_list_12_6_38,74
party_list_12_6_39,172
party_list_12_6_40,17
party_list_12_6_41,10
party_list_12_6_42,210
party_list_12_6_43,81
party_list_12_6_44,67
party_list_12_6_45,53
party_list_12_6_46,46633
party_list_12_6_47,112
party_list_12_6_48,967
party_list_12_6_49,503
party_list_12_6_50,0
party_list_12_6_51,36
party_list_12_6_52,0
party_list_12_6_53,0
party_list_12_6_54,23
party_list_12_6_55,12
party_list_12_6_56,13
party_list_12_6_57,32
party_list_12_7_1,286
party_list_12_7_2,548
party_list_12_7_3,430
party_list_12_7_4,132
party_list_12_7_5,580
party_list_12_7_6,3704
party_list_12_7_7,216
party_list_12_7_8,409
party_list_12_7_9,10836
party_list_12_7_10,619
party_list_12_7_11,2619
party_list_12_7_12,625
party_list_12_7_13,493
party_list_12_7_14,29
party_list_12_7_15,76
party_list_12_7_16,144
party_list_12_7_17,70
party_list_12_7_18,15
party_list_12_7_19,25
party_list_12_7_20,37
party_list_12_7_21,44
party_list_12_7_22,26
party_list_12_7_23,32
party_list_12_7_24,52
party_list_12_7_25,11
party_list_12_7_26,42
party_list_12_7_27,7764
party_list_12_7_28,142
party_list_12_7_29,1180
party_list_12_7_30,45
party_list_12_7_31,75
party_list_12_7_32,54
party_list_12_7_33,192
party_list_12_7_34,57
party_list_12_7_35,134
party_list_12_7_36,153
party_list_12_7_37,16712
party_list_12_7_38,77
party_list_12_7_39,73
party_list_12_7_40,32
party_list_12_7_41,45
party_list_12_7_42,1324
party_list_12_7_43,149
party_list_12_7_44,45
party_list_12_7_45,49
party_list_12_7_46,44379
party_list_12_7_47,557
party_list_12_7_48,803
party_list_12_7_49,464
party_list_12_7_50,14
party_list_12_7_51,49
party_list_12_7_52,18
party_list_12_7_53,12
party_list_12_7_54,20
party_list_12_7_55,15
party_list_12_7_56,32
party_list_12_7_57,42
party_list_12_8_1,106
party_list_12_8_2,1016
party_list_12_8_3,378
party_list_12_8_4,323
party_list_12_8_5,353
party_list_12_8_6,2191
party_list_12_8_7,962
party_list_12_8_8,357
party_list_12_8_9,9903
party_list_12_8_10,487
party_list_12_8_11,2538
party_list_12_8_12,510
party_list_12_8_13,433
party_list_12_8_14,27
party_list_12_8_15,43
party_list_12_8_16,115
party_list_12_8_17,63
party_list_12_8_18,16
party_list_12_8_19,27
party_list_12_8_20,33
party_list_12_8_21,43
party_list_12_8_22,28
party_list_12_8_23,37
party_list_12_8_24,32
party_list_12_8_25,18
party_list_12_8_26,79
party_list_12_8_27,6443
party_list_12_8_28,121
party_list_12_8_29,1149
party_list_12_8_30,43
party_list_12_8_31,113
party_list_12_8_32,59
party_list_12_8_33,91
party_list_12_8_34,64
party_list_12_8_35,133
party_list_12_8_36,97
party_list_12_8_37,20403
party_list_12_8_38,188
party_list_12_8_39,82
party_list_12_8_40,29
party_list_12_8_41,0
party_list_12_8_42,429
party_list_12_8_43,164
party_list_12_8_44,47
party_list_12_8_45,44
party_list_12_8_46,39512
party_list_12_8_47,131
party_list_12_8_48,767
party_list_12_8_49,395
party_list_12_8_50,0
party_list_12_8_51,36
party_list_12_8_52,13
party_list_12_8_53,15
party_list_12_8_54,19
party_list_12_8_55,0
party_list_12_8_56,19
party_list_12_8_57,42
party_list_13_1_1,208
party_list_13_1_2,3344
party_list_13_1_3,1336
party_list_13_1_4,365
party_list_13_1_5,501
party_list_13_1_6,2320
party_list_13_1_7,170
party_list_13_1_8,435
party_list_13_1_9,14101
party_list_13_1_10,679
party_list_13_1_11,3552
party_list_13_1_12,585
party_list_13_1_13,634
party_list_13_1_14,55
party_list_13_1_15,87
party_list_13_1_16,174
party_list_13_1_17,69
party_list_13_1_18,15
party_list_13_1_19,30
party_list_13_1_20,25
party_list_13_1_21,43
party_list_13_1_22,52
party_list_13_1_23,31
party_list_13_1_24,41
party_list_13_1_25,17
party_list_13_1_26,37
party_list_13_1_27,5973
party_list_13_1_28,161
party_list_13_1_29,887
party_list_13_1_30,66
party_list_13_1_31,152
party_list_13_1_32,91
party_list_13_1_33,459
party_list_13_1_34,76
party_list_13_1_35,97
party_list_13_1_36,72
party_list_13_1_37,14877
party_list_13_1_38,101
party_list_13_1_39,85
party_list_13_1_40,37
party_list_13_1_41,35
party_list_13_1_42,1640
party_list_13_1_43,200
party_list_13_1_44,59
party_list_13_1_45,200
party_list_13_1_46,40343
party_list_13_1_47,134
party_list_13_1_48,511
party_list_13_1_49,383
party_list_13_1_50,0
party_list_13_1_51,56
party_list_13_1_52,0
party_list_13_1_53,0
party_list_13_1_54,27
party_list_13_1_55,0
party_list_13_1_56,22
party_list_13_1_57,47
party_list_13_2_1,1678
party_list_13_2_2,1616
party_list_13_2_3,201
party_list_13_2_4,113
party_list_13_2_5,368
party_list_13_2_6,2202
party_list_13_2_7,676
party_list_13_2_8,350
party_list_13_2_9,17463
party_list_13_2_10,575
party_list_13_2_11,2942
party_list_13_2_12,503
party_list_13_2_13,496
party_list_13_2_14,34
party_list_13_2_15,54
party_list_13_2_16,154
party_list_13_2_17,69
party_list_13_2_18,18
party_list_13_2_19,41
party_list_13_2_20,23
party_list_13_2_21,35
party_list_13_2_22,28
party_list_13_2_23,30
party_list_13_2_24,22
party_list_13_2_25,30
party_list_13_2_26,75
party_list_13_2_27,4638
party_list_13_2_28,114
party_list_13_2_29,837
party_list_13_2_30,88
party_list_13_2_31,97
party_list_13_2_32,45
party_list_13_2_33,192
party_list_13_2_34,44
party_list_13_2_35,129
party_list_13_2_36,110
party_list_13_2_37,18839
party_list_13_2_38,91
party_list_13_2_39,69
party_list_13_2_40,18
party_list_13_2_41,16
party_list_13_2_42,187
party_list_13_2_43,140
party_list_13_2_44,60
party_list_13_2_45,48
party_list_13_2_46,39803
party_list_13_2_47,133
party_list_13_2_48,544
party_list_13_2_49,362
party_list_13_2_50,0
party_list_13_2_51,45
party_list_13_2_52,11
party_list_13_2_53,11
party_list_13_2_54,18
party_list_13_2_55,17
party_list_13_2_56,13
party_list_13_2_57,38
party_list_13_3_1,121
party_list_13_3_2,494
party_list_13_3_3,992
party_list_13_3_4,69
party_list_13_3_5,308
party_list_13_3_6,1919
party_list_13_3_7,254
party_list_13_3_8,383
party_list_13_3_9,10892
party_list_13_3_10,411
party_list_13_3_11,2688
party_list_13_3_12,403
party_list_13_3_13,482
party_list_13_3_14,22
party_list_13_3_15,42
party_list_13_3_16,93
party_list_13_3_17,44
party_list_13_3_18,19
party_list_13_3_19,25
party_list_13_3_20,21
party_list_13_3_21,46
party_list_13_3_22,20
party_list_13_3_23,33
party_list_13_3_24,26
party_list_13_3_25,0
party_list_13_3_26,28
party_list_13_3_27,4461
party_list_13_3_28,131
party_list_13_3_29,698
party_list_13_3_30,49
party_list_13_3_31,49
party_list_13_3_32,46
party_list_13_3_33,66
party_list_13_3_34,37
party_list_13_3_35,78
party_list_13_3_36,70
party_list_13_3_37,16287
party_list_13_3_38,58
party_list_13_3_39,53
party_list_13_3_40,19
party_list_13_3_41,43
party_list_13_3_42,125
party_list_13_3_43,130
party_list_13_3_44,57
party_list_13_3_45,45
party_list_13_3_46,45220
party_list_13_3_47,216
party_list_13_3_48,421
party_list_13_3_49,420
party_list_13_3_50,0
party_list_13_3_51,40
party_list_13_3_52,13
party_list_13_3_53,10
party_list_13_3_54,16
party_list_13_3_55,11
party_list_13_3_56,12
party_list_13_3_57,47
party_list_13_3_58,0
party_list_13_4_1,225
party_list_13_4_2,556
party_list_13_4_3,137
party_list_13_4_4,840
party_list_13_4_5,266
party_list_13_4_6,2206
party_list_13_4_7,1026
party_list_13_4_8,331
party_list_13_4_9,12634
party_list_13_4_10,459
party_list_13_4_11,2725
party_list_13_4_12,533
party_list_13_4_13,436
party_list_13_4_14,22
party_list_13_4_15,55
party_list_13_4_16,132
party_list_13_4_17,52
party_list_13_4_18,17
party_list_13_4_19,43
party_list_13_4_20,21
party_list_13_4_21,47
party_list_13_4_22,27
party_list_13_4_23,37
party_list_13_4_24,41
party_list_13_4_25,14
party_list_13_4_26,27
party_list_13_4_27,5996
party_list_13_4_28,131
party_list_13_4_29,1043
party_list_13_4_30,37
party_list_13_4_31,56
party_list_13_4_32,40
party_list_13_4_33,290
party_list_13_4_34,50
party_list_13_4_35,130
party_list_13_4_36,88
party_list_13_4_37,14450
party_list_13_4_38,67
party_list_13_4_39,84
party_list_13_4_40,18
party_list_13_4_41,53
party_list_13_4_42,1698
party_list_13_4_43,146
party_list_13_4_44,54
party_list_13_4_45,54
party_list_13_4_46,44890
party_list_13_4_47,129
party_list_13_4_48,528
party_list_13_4_49,427
party_list_13_4_50,14
party_list_13_4_51,38
party_list_13_4_52,10
party_list_13_4_53,21
party_list_13_4_54,18
party_list_13_4_55,13
party_list_13_4_56,11
party_list_13_4_57,20
party_list_13_5_1,67
party_list_13_5_2,1271
party_list_13_5_3,237
party_list_13_5_4,54
party_list_13_5_5,250
party_list_13_5_6,2143
party_list_13_5_7,120
party_list_13_5_8,944
party_list_13_5_9,11410
party_list_13_5_10,482
party_list_13_5_11,2367
party_list_13_5_12,533
party_list_13_5_13,362
party_list_13_5_14,24
party_list_13_5_15,52
party_list_13_5_16,103
party_list_13_5_17,41
party_list_13_5_18,13
party_list_13_5_19,24
party_list_13_5_20,14
party_list_13_5_21,37
party_list_13_5_22,14
party_list_13_5_23,22
party_list_13_5_24,30
party_list_13_5_25,16
party_list_13_5_26,21
party_list_13_5_27,5633
party_list_13_5_28,120
party_list_13_5_29,1132
party_list_13_5_30,41
party_list_13_5_31,64
party_list_13_5_32,47
party_list_13_5_33,49
party_list_13_5_34,34
party_list_13_5_35,129
party_list_13_5_36,47
party_list_13_5_37,14717
party_list_13_5_38,68
party_list_13_5_39,57
party_list_13_5_40,23
party_list_13_5_41,23
party_list_13_5_42,1587
party_list_13_5_43,173
party_list_13_5_44,58
party_list_13_5_45,45
party_list_13_5_46,38966
party_list_13_5_47,83
party_list_13_5_48,639
party_list_13_5_49,527
party_list_13_5_50,0
party_list_13_5_51,23
party_list_13_5_52,11
party_list_13_5_53,0
party_list_13_5_54,15
party_list_13_5_55,0
party_list_13_5_56,18
party_list_13_5_57,23
party_list_13_6_1,58
party_list_13_6_2,374
party_list_13_6_3,419
party_list_13_6_4,614
party_list_13_6_5,182
party_list_13_6_6,2167
party_list_13_6_7,117
party_list_13_6_8,378
party_list_13_6_9,9898
party_list_13_6_10,410
party_list_13_6_11,2498
party_list_13_6_12,552
party_list_13_6_13,350
party_list_13_6_14,20
party_list_13_6_15,35
party_list_13_6_16,98
party_list_13_6_17,39
party_list_13_6_18,0
party_list_13_6_19,28
party_list_13_6_20,19
party_list_13_6_21,30
party_list_13_6_22,10
party_list_13_6_23,32
party_list_13_6_24,28
party_list_13_6_25,11
party_list_13_6_26,29
party_list_13_6_27,6150
party_list_13_6_28,116
party_list_13_6_29,910
party_list_13_6_30,42
party_list_13_6_31,45
party_list_13_6_32,37
party_list_13_6_33,60
party_list_13_6_34,34
party_list_13_6_35,91
party_list_13_6_36,45
party_list_13_6_37,13846
party_list_13_6_38,50
party_list_13_6_39,54
party_list_13_6_40,22
party_list_13_6_41,12
party_list_13_6_42,1024
party_list_13_6_43,167
party_list_13_6_44,55
party_list_13_6_45,40
party_list_13_6_46,44639
party_list_13_6_47,71
party_list_13_6_48,569
party_list_13_6_49,556
party_list_13_6_50,0
party_list_13_6_51,35
party_list_13_6_52,10
party_list_13_6_53,10
party_list_13_6_54,21
party_list_13_6_55,12
party_list_13_6_56,10
party_list_13_6_57,20
party_list_13_7_1,99
party_list_13_7_2,505
party_list_13_7_3,182
party_list_13_7_4,1449
party_list_13_7_5,439
party_list_13_7_6,1818
party_list_13_7_7,245
party_list_13_7_8,438
party_list_13_7_9,9713
party_list_13_7_10,431
party_list_13_7_11,3542
party_list_13_7_12,477
party_list_13_7_13,476
party_list_13_7_14,25
party_list_13_7_15,68
party_list_13_7_16,119
party_list_13_7_17,80
party_list_13_7_18,17
party_list_13_7_19,20
party_list_13_7_20,23
party_list_13_7_21,45
party_list_13_7_22,23
party_list_13_7_23,42
party_list_13_7_24,38
party_list_13_7_25,13
party_list_13_7_26,41
party_list_13_7_27,3831
party_list_13_7_28,133
party_list_13_7_29,625
party_list_13_7_30,41
party_list_13_7_31,86
party_list_13_7_32,69
party_list_13_7_33,128
party_list_13_7_34,133
party_list_13_7_35,95
party_list_13_7_36,120
party_list_13_7_37,23403
party_list_13_7_38,95
party_list_13_7_39,61
party_list_13_7_40,28
party_list_13_7_41,17
party_list_13_7_42,235
party_list_13_7_43,145
party_list_13_7_44,51
party_list_13_7_45,43
party_list_13_7_46,35826
party_list_13_7_47,200
party_list_13_7_48,341
party_list_13_7_49,296
party_list_13_7_50,0
party_list_13_7_51,54
party_list_13_7_52,47
party_list_13_7_53,0
party_list_13_7_54,17
party_list_13_7_55,0
party_list_13_7_56,13
party_list_13_7_57,32
party_list_13_8_1,158
party_list_13_8_2,964
party_list_13_8_3,2225
party_list_13_8_4,508
party_list_13_8_5,519
party_list_13_8_6,2111
party_list_13_8_7,141
party_list_13_8_8,713
party_list_13_8_9,12012
party_list_13_8_10,468
party_list_13_8_11,3309
party_list_13_8_12,538
party_list_13_8_13,561
party_list_13_8_14,30
party_list_13_8_15,67
party_list_13_8_16,162
party_list_13_8_17,110
party_list_13_8_18,16
party_list_13_8_19,23
party_list_13_8_20,29
party_list_13_8_21,43
party_list_13_8_22,18
party_list_13_8_23,47
party_list_13_8_24,29
party_list_13_8_25,17
party_list_13_8_26,37
party_list_13_8_27,4266
party_list_13_8_28,99
party_list_13_8_29,563
party_list_13_8_30,76
party_list_13_8_31,98
party_list_13_8_32,104
party_list_13_8_33,210
party_list_13_8_34,89
party_list_13_8_35,181
party_list_13_8_36,119
party_list_13_8_37,21685
party_list_13_8_38,109
party_list_13_8_39,55
party_list_13_8_40,30
party_list_13_8_41,23
party_list_13_8_42,143
party_list_13_8_43,160
party_list_13_8_44,30
party_list_13_8_45,33
party_list_13_8_46,32473
party_list_13_8_47,101
party_list_13_8_48,402
party_list_13_8_49,248
party_list_13_8_50,0
party_list_13_8_51,42
party_list_13_8_52,63
party_list_13_8_53,13
party_list_13_8_54,38
party_list_13_8_55,0
party_list_13_8_56,21
party_list_13_8_57,28
party_list_14_1_1,495
party_list_14_1_2,1015
party_list_14_1_3,727
party_list_14_1_4,158
party_list_14_1_5,681
party_list_14_1_6,4898
party_list_14_1_7,204
party_list_14_1_8,537
party_list_14_1_9,8930
party_list_14_1_10,504
party_list_14_1_11,3154
party_list_14_1_12,572
party_list_14_1_13,707
party_list_14_1_14,265
party_list_14_1_15,67
party_list_14_1_16,186
party_list_14_1_17,107
party_list_14_1_18,29
party_list_14_1_19,35
party_list_14_1_20,35
party_list_14_1_21,48
party_list_14_1_22,24
party_list_14_1_23,55
party_list_14_1_24,29
party_list_14_1_25,19
party_list_14_1_26,75
party_list_14_1_27,5160
party_list_14_1_28,132
party_list_14_1_29,1029
party_list_14_1_30,91
party_list_14_1_31,104
party_list_14_1_32,83
party_list_14_1_33,206
party_list_14_1_34,120
party_list_14_1_35,216
party_list_14_1_36,250
party_list_14_1_37,25327
party_list_14_1_38,98
party_list_14_1_39,55
party_list_14_1_40,32
party_list_14_1_41,21
party_list_14_1_42,95
party_list_14_1_43,209
party_list_14_1_44,230
party_list_14_1_45,71
party_list_14_1_46,39154
party_list_14_1_47,170
party_list_14_1_48,450
party_list_14_1_49,312
party_list_14_1_50,0
party_list_14_1_51,151
party_list_14_1_52,17
party_list_14_1_53,0
party_list_14_1_54,15
party_list_14_1_55,17
party_list_14_1_56,20
party_list_14_1_57,51
party_list_14_2_1,278
party_list_14_2_2,1238
party_list_14_2_3,709
party_list_14_2_4,168
party_list_14_2_5,816
party_list_14_2_6,2673
party_list_14_2_7,2402
party_list_14_2_8,564
party_list_14_2_9,11633
party_list_14_2_10,575
party_list_14_2_11,3706
party_list_14_2_12,499
party_list_14_2_13,810
party_list_14_2_14,169
party_list_14_2_15,87
party_list_14_2_16,279
party_list_14_2_17,144
party_list_14_2_18,34
party_list_14_2_19,36
party_list_14_2_20,46
party_list_14_2_21,46
party_list_14_2_22,43
party_list_14_2_23,67
party_list_14_2_24,46
party_list_14_2_25,37
party_list_14_2_26,59
party_list_14_2_27,4231
party_list_14_2_28,176
party_list_14_2_29,581
party_list_14_2_30,106
party_list_14_2_31,163
party_list_14_2_32,107
party_list_14_2_33,146
party_list_14_2_34,150
party_list_14_2_35,182
party_list_14_2_36,306
party_list_14_2_37,25406
party_list_14_2_38,141
party_list_14_2_39,58
party_list_14_2_40,49
party_list_14_2_41,28
party_list_14_2_42,171
party_list_14_2_43,225
party_list_14_2_44,157
party_list_14_2_45,60
party_list_14_2_46,31722
party_list_14_2_47,249
party_list_14_2_48,358
party_list_14_2_49,337
party_list_14_2_50,11
party_list_14_2_51,61
party_list_14_2_52,115
party_list_14_2_53,17
party_list_14_2_54,26
party_list_14_2_55,24
party_list_14_2_56,33
party_list_14_2_57,89
party_list_14_3_1,276
party_list_14_3_2,1211
party_list_14_3_3,572
party_list_14_3_4,560
party_list_14_3_5,4603
party_list_14_3_6,1957
party_list_14_3_7,118
party_list_14_3_8,496
party_list_14_3_9,10692
party_list_14_3_10,525
party_list_14_3_11,4025
party_list_14_3_12,625
party_list_14_3_13,766
party_list_14_3_14,62
party_list_14_3_15,85
party_list_14_3_16,218
party_list_14_3_17,128
party_list_14_3_18,29
party_list_14_3_19,30
party_list_14_3_20,22
party_list_14_3_21,47
party_list_14_3_22,28
party_list_14_3_23,51
party_list_14_3_24,58
party_list_14_3_25,48
party_list_14_3_26,72
party_list_14_3_27,3795
party_list_14_3_28,171
party_list_14_3_29,581
party_list_14_3_30,102
party_list_14_3_31,119
party_list_14_3_32,98
party_list_14_3_33,156
party_list_14_3_34,257
party_list_14_3_35,200
party_list_14_3_36,157
party_list_14_3_37,24058
party_list_14_3_38,276
party_list_14_3_39,63
party_list_14_3_40,59
party_list_14_3_41,25
party_list_14_3_42,113
party_list_14_3_43,162
party_list_14_3_44,97
party_list_14_3_45,98
party_list_14_3_46,40508
party_list_14_3_47,207
party_list_14_3_48,301
party_list_14_3_49,279
party_list_14_3_50,11
party_list_14_3_51,57
party_list_14_3_52,111
party_list_14_3_53,13
party_list_14_3_54,36
party_list_14_3_55,19
party_list_14_3_56,32
party_list_14_3_57,69
party_list_14_4_1,340
party_list_14_4_2,1572
party_list_14_4_3,1291
party_list_14_4_4,2612
party_list_14_4_5,959
party_list_14_4_6,2114
party_list_14_4_7,149
party_list_14_4_8,491
party_list_14_4_9,10342
party_list_14_4_10,653
party_list_14_4_11,3898
party_list_14_4_12,471
party_list_14_4_13,712
party_list_14_4_14,41
party_list_14_4_15,100
party_list_14_4_16,166
party_list_14_4_17,111
party_list_14_4_18,34
party_list_14_4_19,33
party_list_14_4_20,44
party_list_14_4_21,61
party_list_14_4_22,34
party_list_14_4_23,53
party_list_14_4_24,54
party_list_14_4_25,25
party_list_14_4_26,45
party_list_14_4_27,3649
party_list_14_4_28,174
party_list_14_4_29,575
party_list_14_4_30,115
party_list_14_4_31,141
party_list_14_4_32,115
party_list_14_4_33,238
party_list_14_4_34,243
party_list_14_4_35,106
party_list_14_4_36,296
party_list_14_4_37,29154
party_list_14_4_38,118
party_list_14_4_39,69
party_list_14_4_40,45
party_list_14_4_41,32
party_list_14_4_42,137
party_list_14_4_43,213
party_list_14_4_44,1233
party_list_14_4_45,65
party_list_14_4_46,42043
party_list_14_4_47,222
party_list_14_4_48,384
party_list_14_4_49,318
party_list_14_4_50,0
party_list_14_4_51,86
party_list_14_4_52,34
party_list_14_4_53,16
party_list_14_4_54,51
party_list_14_4_55,14
party_list_14_4_56,24
party_list_14_4_57,57
party_list_14_5_1,278
party_list_14_5_2,1531
party_list_14_5_3,315
party_list_14_5_4,431
party_list_14_5_5,864
party_list_14_5_6,3644
party_list_14_5_7,1778
party_list_14_5_8,535
party_list_14_5_9,16684
party_list_14_5_10,569
party_list_14_5_11,2963
party_list_14_5_12,538
party_list_14_5_13,700
party_list_14_5_14,384
party_list_14_5_15,87
party_list_14_5_16,303
party_list_14_5_17,137
party_list_14_5_18,23
party_list_14_5_19,39
party_list_14_5_20,34
party_list_14_5_21,41
party_list_14_5_22,35
party_list_14_5_23,68
party_list_14_5_24,61
party_list_14_5_25,31
party_list_14_5_26,74
party_list_14_5_27,3487
party_list_14_5_28,148
party_list_14_5_29,510
party_list_14_5_30,73
party_list_14_5_31,161
party_list_14_5_32,105
party_list_14_5_33,172
party_list_14_5_34,143
party_list_14_5_35,198
party_list_14_5_36,321
party_list_14_5_37,27098
party_list_14_5_38,194
party_list_14_5_39,57
party_list_14_5_40,42
party_list_14_5_41,26
party_list_14_5_42,121
party_list_14_5_43,177
party_list_14_5_44,80
party_list_14_5_45,54
party_list_14_5_46,30671
party_list_14_5_47,234
party_list_14_5_48,428
party_list_14_5_49,185
party_list_14_5_50,10
party_list_14_5_51,96
party_list_14_5_52,83
party_list_14_5_53,14
party_list_14_5_54,18
party_list_14_5_55,30
party_list_14_5_56,25
party_list_14_5_57,79
party_list_15_1_1,404
party_list_15_1_2,1208
party_list_15_1_3,197
party_list_15_1_4,1518
party_list_15_1_5,539
party_list_15_1_6,1493
party_list_15_1_7,91
party_list_15_1_8,473
party_list_15_1_9,7404
party_list_15_1_10,413
party_list_15_1_11,2239
party_list_15_1_12,453
party_list_15_1_13,414
party_list_15_1_14,75
party_list_15_1_15,53
party_list_15_1_16,129
party_list_15_1_17,100
party_list_15_1_18,16
party_list_15_1_19,27
party_list_15_1_20,30
party_list_15_1_21,52
party_list_15_1_22,21
party_list_15_1_23,43
party_list_15_1_24,31
party_list_15_1_25,16
party_list_15_1_26,36
party_list_15_1_27,2943
party_list_15_1_28,99
party_list_15_1_29,591
party_list_15_1_30,63
party_list_15_1_31,130
party_list_15_1_32,87
party_list_15_1_33,211
party_list_15_1_34,268
party_list_15_1_35,132
party_list_15_1_36,170
party_list_15_1_37,29240
party_list_15_1_38,124
party_list_15_1_39,50
party_list_15_1_40,34
party_list_15_1_41,22
party_list_15_1_42,102
party_list_15_1_43,153
party_list_15_1_44,210
party_list_15_1_45,44
party_list_15_1_46,25348
party_list_15_1_47,197
party_list_15_1_48,256
party_list_15_1_49,186
party_list_15_1_50,0
party_list_15_1_51,44
party_list_15_1_52,12
party_list_15_1_53,0
party_list_15_1_54,15
party_list_15_1_55,11
party_list_15_1_56,34
party_list_15_1_57,42
party_list_15_2_1,423
party_list_15_2_2,4104
party_list_15_2_3,521
party_list_15_2_4,190
party_list_15_2_5,573
party_list_15_2_6,1316
party_list_15_2_7,93
party_list_15_2_8,535
party_list_15_2_9,8274
party_list_15_2_10,418
party_list_15_2_11,2314
party_list_15_2_12,411
party_list_15_2_13,413
party_list_15_2_14,55
party_list_15_2_15,58
party_list_15_2_16,160
party_list_15_2_17,168
party_list_15_2_18,17
party_list_15_2_19,23
party_list_15_2_20,31
party_list_15_2_21,100
party_list_15_2_22,35
party_list_15_2_23,72
party_list_15_2_24,59
party_list_15_2_25,28
party_list_15_2_26,57
party_list_15_2_27,2461
party_list_15_2_28,132
party_list_15_2_29,413
party_list_15_2_30,159
party_list_15_2_31,374
party_list_15_2_32,268
party_list_15_2_33,374
party_list_15_2_34,159
party_list_15_2_35,167
party_list_15_2_36,174
party_list_15_2_37,29687
party_list_15_2_38,191
party_list_15_2_39,67
party_list_15_2_40,59
party_list_15_2_41,26
party_list_15_2_42,88
party_list_15_2_43,125
party_list_15_2_44,46
party_list_15_2_45,524
party_list_15_2_46,21563
party_list_15_2_47,165
party_list_15_2_48,205
party_list_15_2_49,148
party_list_15_2_50,0
party_list_15_2_51,41
party_list_15_2_52,55
party_list_15_2_53,10
party_list_15_2_54,17
party_list_15_2_55,0
party_list_15_2_56,41
party_list_15_2_57,63
party_list_16_1_1,346
party_list_16_1_2,1313
party_list_16_1_3,472
party_list_16_1_4,224
party_list_16_1_5,722
party_list_16_1_6,2688
party_list_16_1_7,205
party_list_16_1_8,3440
party_list_16_1_9,12893
party_list_16_1_10,2959
party_list_16_1_11,5012
party_list_16_1_12,460
party_list_16_1_13,658
party_list_16_1_14,117
party_list_16_1_15,166
party_list_16_1_16,276
party_list_16_1_17,171
party_list_16_1_18,60
party_list_16_1_19,51
party_list_16_1_20,56
party_list_16_1_21,92
party_list_16_1_22,68
party_list_16_1_23,109
party_list_16_1_24,96
party_list_16_1_25,47
party_list_16_1_26,75
party_list_16_1_27,4149
party_list_16_1_28,208
party_list_16_1_29,743
party_list_16_1_30,169
party_list_16_1_31,189
party_list_16_1_32,137
party_list_16_1_33,156
party_list_16_1_34,149
party_list_16_1_35,166
party_list_16_1_36,295
party_list_16_1_37,22112
party_list_16_1_38,320
party_list_16_1_39,150
party_list_16_1_40,94
party_list_16_1_41,50
party_list_16_1_42,544
party_list_16_1_43,526
party_list_16_1_44,2134
party_list_16_1_45,71
party_list_16_1_46,32064
party_list_16_1_47,177
party_list_16_1_48,581
party_list_16_1_49,483
party_list_16_1_50,16
party_list_16_1_51,100
party_list_16_1_52,29
party_list_16_1_53,22
party_list_16_1_54,60
party_list_16_1_55,17
party_list_16_1_56,46
party_list_16_1_57,82
party_list_16_2_1,573
party_list_16_2_2,1611
party_list_16_2_3,3447
party_list_16_2_4,254
party_list_16_2_5,2562
party_list_16_2_6,2614
party_list_16_2_7,156
party_list_16_2_8,687
party_list_16_2_9,15317
party_list_16_2_10,661
party_list_16_2_11,4069
party_list_16_2_12,372
party_list_16_2_13,577
party_list_16_2_14,176
party_list_16_2_15,92
party_list_16_2_16,238
party_list_16_2_17,139
party_list_16_2_18,29
party_list_16_2_19,48
party_list_16_2_20,42
party_list_16_2_21,69
party_list_16_2_22,29
party_list_16_2_23,136
party_list_16_2_24,48
party_list_16_2_25,29
party_list_16_2_26,81
party_list_16_2_27,5174
party_list_16_2_28,147
party_list_16_2_29,767
party_list_16_2_30,108
party_list_16_2_31,162
party_list_16_2_32,266
party_list_16_2_33,208
party_list_16_2_34,209
party_list_16_2_35,250
party_list_16_2_36,173
party_list_16_2_37,30490
party_list_16_2_38,222
party_list_16_2_39,133
party_list_16_2_40,40
party_list_16_2_41,32
party_list_16_2_42,127
party_list_16_2_43,442
party_list_16_2_44,300
party_list_16_2_45,150
party_list_16_2_46,33148
party_list_16_2_47,184
party_list_16_2_48,464
party_list_16_2_49,294
party_list_16_2_50,14
party_list_16_2_51,94
party_list_16_2_52,21
party_list_16_2_53,14
party_list_16_2_54,23
party_list_16_2_55,29
party_list_16_2_56,49
party_list_16_2_57,69
party_list_16_3_1,350
party_list_16_3_2,4526
party_list_16_3_3,407
party_list_16_3_4,196
party_list_16_3_5,955
party_list_16_3_6,5151
party_list_16_3_7,209
party_list_16_3_8,866
party_list_16_3_9,19579
party_list_16_3_10,541
party_list_16_3_11,3760
party_list_16_3_12,387
party_list_16_3_13,637
party_list_16_3_14,117
party_list_16_3_15,94
party_list_16_3_16,289
party_list_16_3_17,187
party_list_16_3_18,48
party_list_16_3_19,46
party_list_16_3_20,40
party_list_16_3_21,56
party_list_16_3_22,37
party_list_16_3_23,118
party_list_16_3_24,72
party_list_16_3_25,26
party_list_16_3_26,90
party_list_16_3_27,3535
party_list_16_3_28,145
party_list_16_3_29,468
party_list_16_3_30,116
party_list_16_3_31,310
party_list_16_3_32,153
party_list_16_3_33,158
party_list_16_3_34,138
party_list_16_3_35,357
party_list_16_3_36,320
party_list_16_3_37,23514
party_list_16_3_38,377
party_list_16_3_39,86
party_list_16_3_40,64
party_list_16_3_41,25
party_list_16_3_42,233
party_list_16_3_43,459
party_list_16_3_44,245
party_list_16_3_45,87
party_list_16_3_46,25969
party_list_16_3_47,164
party_list_16_3_48,381
party_list_16_3_49,263
party_list_16_3_50,0
party_list_16_3_51,74
party_list_16_3_52,31
party_list_16_3_53,17
party_list_16_3_54,26
party_list_16_3_55,19
party_list_16_3_56,50
party_list_16_3_57,86
party_list_16_4_1,346
party_list_16_4_2,1313
party_list_16_4_3,472
party_list_16_4_4,224
party_list_16_4_5,722
party_list_16_4_6,2688
party_list_16_4_7,205
party_list_16_4_8,3440
party_list_16_4_9,12893
party_list_16_4_10,2959
party_list_16_4_11,5012
party_list_16_4_12,460
party_list_16_4_13,658
party_list_16_4_14,117
party_list_16_4_15,166
party_list_16_4_16,276
party_list_16_4_17,171
party_list_16_4_18,60
party_list_16_4_19,51
party_list_16_4_20,56
party_list_16_4_21,92
party_list_16_4_22,68
party_list_16_4_23,109
party_list_16_4_24,96
party_list_16_4_25,47
party_list_16_4_26,75
party_list_16_4_27,4149
party_list_16_4_28,208
party_list_16_4_29,743
party_list_16_4_30,169
party_list_16_4_31,189
party_list_16_4_32,137
party_list_16_4_33,156
party_list_16_4_34,149
party_list_16_4_35,166
party_list_16_4_36,295
party_list_16_4_37,22112
party_list_16_4_38,320
party_list_16_4_39,150
party_list_16_4_40,94
party_list_16_4_41,50
party_list_16_4_42,544
party_list_16_4_43,526
party_list_16_4_44,2134
party_list_16_4_45,71
party_list_16_4_46,32064
party_list_16_4_47,177
party_list_16_4_48,581
party_list_16_4_49,483
party_list_16_4_50,16
party_list_16_4_51,100
party_list_16_4_52,29
party_list_16_4_53,22
party_list_16_4_54,60
party_list_16_4_55,17
party_list_16_4_56,46
party_list_16_4_57,82
party_list_17_1_1,308
party_list_17_1_2,1357
party_list_17_1_3,1033
party_list_17_1_4,604
party_list_17_1_5,4215
party_list_17_1_6,2774
party_list_17_1_7,130
party_list_17_1_8,551
party_list_17_1_9,13590
party_list_17_1_10,692
party_list_17_1_11,4379
party_list_17_1_12,580
party_list_17_1_13,589
party_list_17_1_14,318
party_list_17_1_15,148
party_list_17_1_16,226
party_list_17_1_17,187
party_list_17_1_18,41
party_list_17_1_19,58
party_list_17_1_20,41
party_list_17_1_21,56
party_list_17_1_22,45
party_list_17_1_23,160
party_list_17_1_24,80
party_list_17_1_25,127
party_list_17_1_26,80
party_list_17_1_27,4553
party_list_17_1_28,134
party_list_17_1_29,882
party_list_17_1_30,125
party_list_17_1_31,175
party_list_17_1_32,181
party_list_17_1_33,433
party_list_17_1_34,481
party_list_17_1_35,10196
party_list_17_1_36,342
party_list_17_1_37,25435
party_list_17_1_38,232
party_list_17_1_39,82
party_list_17_1_40,70
party_list_17_1_41,44
party_list_17_1_42,200
party_list_17_1_43,307
party_list_17_1_44,116
party_list_17_1_45,139
party_list_17_1_46,36568
party_list_17_1_47,353
party_list_17_1_48,419
party_list_17_1_49,304
party_list_17_1_50,11
party_list_17_1_51,78
party_list_17_1_52,174
party_list_17_1_53,64
party_list_17_1_54,44
party_list_17_1_55,44
party_list_17_1_56,62
party_list_17_1_57,124
party_list_18_1_1,328
party_list_18_1_2,1836
party_list_18_1_3,2352
party_list_18_1_4,495
party_list_18_1_5,1295
party_list_18_1_6,2344
party_list_18_1_7,138
party_list_18_1_8,762
party_list_18_1_9,14355
party_list_18_1_10,616
party_list_18_1_11,3403
party_list_18_1_12,616
party_list_18_1_13,842
party_list_18_1_14,180
party_list_18_1_15,77
party_list_18_1_16,223
party_list_18_1_17,146
party_list_18_1_18,30
party_list_18_1_19,38
party_list_18_1_20,33
party_list_18_1_21,46
party_list_18_1_22,44
party_list_18_1_23,75
party_list_18_1_24,82
party_list_18_1_25,44
party_list_18_1_26,105
party_list_18_1_27,7788
party_list_18_1_28,146
party_list_18_1_29,701
party_list_18_1_30,114
party_list_18_1_31,181
party_list_18_1_32,241
party_list_18_1_33,223
party_list_18_1_34,161
party_list_18_1_35,184
party_list_18_1_36,123
party_list_18_1_37,14665
party_list_18_1_38,189
party_list_18_1_39,72
party_list_18_1_40,53
party_list_18_1_41,33
party_list_18_1_42,136
party_list_18_1_43,253
party_list_18_1_44,50
party_list_18_1_45,119
party_list_18_1_46,27137
party_list_18_1_47,169
party_list_18_1_48,328
party_list_18_1_49,206
party_list_18_1_50,12
party_list_18_1_51,74
party_list_18_1_52,36
party_list_18_1_53,14
party_list_18_1_54,24
party_list_18_1_55,21
party_list_18_1_56,78
party_list_18_1_57,85
party_list_18_2_1,3159
party_list_18_2_2,2469
party_list_18_2_3,597
party_list_18_2_4,616
party_list_18_2_5,825
party_list_18_2_6,1564
party_list_18_2_7,134
party_list_18_2_8,758
party_list_18_2_9,9073
party_list_18_2_10,470
party_list_18_2_11,3154
party_list_18_2_12,585
party_list_18_2_13,628
party_list_18_2_14,104
party_list_18_2_15,77
party_list_18_2_16,185
party_list_18_2_17,212
party_list_18_2_18,48
party_list_18_2_19,24
party_list_18_2_20,29
party_list_18_2_21,33
party_list_18_2_22,39
party_list_18_2_23,104
party_list_18_2_24,78
party_list_18_2_25,32
party_list_18_2_26,105
party_list_18_2_27,5061
party_list_18_2_28,227
party_list_18_2_29,483
party_list_18_2_30,440
party_list_18_2_31,394
party_list_18_2_32,196
party_list_18_2_33,209
party_list_18_2_34,226
party_list_18_2_35,204
party_list_18_2_36,196
party_list_18_2_37,26315
party_list_18_2_38,229
party_list_18_2_39,64
party_list_18_2_40,78
party_list_18_2_41,41
party_list_18_2_42,245
party_list_18_2_43,268
party_list_18_2_44,60
party_list_18_2_45,88
party_list_18_2_46,22973
party_list_18_2_47,212
party_list_18_2_48,365
party_list_18_2_49,205
party_list_18_2_50,19
party_list_18_2_51,51
party_list_18_2_52,29
party_list_18_2_53,11
party_list_18_2_54,23
party_list_18_2_55,28
party_list_18_2_56,63
party_list_18_2_57,92
party_list_19_1_1,226
party_list_19_1_2,956
party_list_19_1_3,303
party_list_19_1_4,261
party_list_19_1_5,3734
party_list_19_1_6,2181
party_list_19_1_7,425
party_list_19_1_8,456
party_list_19_1_9,12778
party_list_19_1_10,504
party_list_19_1_11,4263
party_list_19_1_12,444
party_list_19_1_13,541
party_list_19_1_14,56
party_list_19_1_15,76
party_list_19_1_16,161
party_list_19_1_17,112
party_list_19_1_18,26
party_list_19_1_19,29
party_list_19_1_20,33
party_list_19_1_21,45
party_list_19_1_22,50
party_list_19_1_23,50
party_list_19_1_24,51
party_list_19_1_25,34
party_list_19_1_26,55
party_list_19_1_27,4438
party_list_19_1_28,180
party_list_19_1_29,930
party_list_19_1_30,101
party_list_19_1_31,140
party_list_19_1_32,69
party_list_19_1_33,115
party_list_19_1_34,150
party_list_19_1_35,154
party_list_19_1_36,96
party_list_19_1_37,18236
party_list_19_1_38,196
party_list_19_1_39,70
party_list_19_1_40,35
party_list_19_1_41,23
party_list_19_1_42,185
party_list_19_1_43,237
party_list_19_1_44,57
party_list_19_1_45,69
party_list_19_1_46,34618
party_list_19_1_47,278
party_list_19_1_48,483
party_list_19_1_49,496
party_list_19_1_50,24
party_list_19_1_51,61
party_list_19_1_52,21
party_list_19_1_53,14
party_list_19_1_54,33
party_list_19_1_55,20
party_list_19_1_56,41
party_list_19_1_57,80
party_list_19_2_1,433
party_list_19_2_2,1885
party_list_19_2_3,431
party_list_19_2_4,574
party_list_19_2_5,4710
party_list_19_2_6,2640
party_list_19_2_7,237
party_list_19_2_8,2669
party_list_19_2_9,15188
party_list_19_2_10,632
party_list_19_2_11,4258
party_list_19_2_12,645
party_list_19_2_13,743
party_list_19_2_14,83
party_list_19_2_15,125
party_list_19_2_16,370
party_list_19_2_17,131
party_list_19_2_18,51
party_list_19_2_19,67
party_list_19_2_20,58
party_list_19_2_21,54
party_list_19_2_22,43
party_list_19_2_23,160
party_list_19_2_24,71
party_list_19_2_25,57
party_list_19_2_26,96
party_list_19_2_27,4094
party_list_19_2_28,251
party_list_19_2_29,587
party_list_19_2_30,150
party_list_19_2_31,187
party_list_19_2_32,119
party_list_19_2_33,156
party_list_19_2_34,257
party_list_19_2_35,196
party_list_19_2_36,150
party_list_19_2_37,17661
party_list_19_2_38,206
party_list_19_2_39,77
party_list_19_2_40,59
party_list_19_2_41,48
party_list_19_2_42,220
party_list_19_2_43,196
party_list_19_2_44,74
party_list_19_2_45,95
party_list_19_2_46,34912
party_list_19_2_47,194
party_list_19_2_48,414
party_list_19_2_49,601
party_list_19_2_50,16
party_list_19_2_51,67
party_list_19_2_52,20
party_list_19_2_53,21
party_list_19_2_54,30
party_list_19_2_55,35
party_list_19_2_56,37
party_list_19_2_57,83
party_list_19_3_1,241
party_list_19_3_2,1896
party_list_19_3_3,390
party_list_19_3_4,214
party_list_19_3_5,4914
party_list_19_3_6,2074
party_list_19_3_7,106
party_list_19_3_8,784
party_list_19_3_9,9536
party_list_19_3_10,541
party_list_19_3_11,3977
party_list_19_3_12,421
party_list_19_3_13,733
party_list_19_3_14,68
party_list_19_3_15,96
party_list_19_3_16,210
party_list_19_3_17,129
party_list_19_3_18,31
party_list_19_3_19,43
party_list_19_3_20,38
party_list_19_3_21,71
party_list_19_3_22,42
party_list_19_3_23,80
party_list_19_3_24,47
party_list_19_3_25,55
party_list_19_3_26,66
party_list_19_3_27,4543
party_list_19_3_28,177
party_list_19_3_29,595
party_list_19_3_30,118
party_list_19_3_31,195
party_list_19_3_32,117
party_list_19_3_33,125
party_list_19_3_34,269
party_list_19_3_35,183
party_list_19_3_36,116
party_list_19_3_37,20026
party_list_19_3_38,132
party_list_19_3_39,65
party_list_19_3_40,37
party_list_19_3_41,21
party_list_19_3_42,162
party_list_19_3_43,175
party_list_19_3_44,48
party_list_19_3_45,83
party_list_19_3_46,34702
party_list_19_3_47,153
party_list_19_3_48,373
party_list_19_3_49,266
party_list_19_3_50,12
party_list_19_3_51,66
party_list_19_3_52,79
party_list_19_3_53,17
party_list_19_3_54,29
party_list_19_3_55,18
party_list_19_3_56,32
party_list_19_3_57,90
party_list_19_4_1,396
party_list_19_4_2,1580
party_list_19_4_3,1076
party_list_19_4_4,372
party_list_19_4_5,5400
party_list_19_4_6,2422
party_list_19_4_7,198
party_list_19_4_8,532
party_list_19_4_9,10301
party_list_19_4_10,643
party_list_19_4_11,4362
party_list_19_4_12,577
party_list_19_4_13,969
party_list_19_4_14,80
party_list_19_4_15,147
party_list_19_4_16,271
party_list_19_4_17,163
party_list_19_4_18,36
party_list_19_4_19,41
party_list_19_4_20,42
party_list_19_4_21,60
party_list_19_4_22,76
party_list_19_4_23,67
party_list_19_4_24,88
party_list_19_4_25,54
party_list_19_4_26,91
party_list_19_4_27,5280
party_list_19_4_28,221
party_list_19_4_29,711
party_list_19_4_30,147
party_list_19_4_31,172
party_list_19_4_32,128
party_list_19_4_33,159
party_list_19_4_34,288
party_list_19_4_35,257
party_list_19_4_36,150
party_list_19_4_37,12817
party_list_19_4_38,177
party_list_19_4_39,56
party_list_19_4_40,91
party_list_19_4_41,47
party_list_19_4_42,2238
party_list_19_4_43,285
party_list_19_4_44,77
party_list_19_4_45,252
party_list_19_4_46,34034
party_list_19_4_47,174
party_list_19_4_48,479
party_list_19_4_49,358
party_list_19_4_50,17
party_list_19_4_51,110
party_list_19_4_52,27
party_list_19_4_53,10
party_list_19_4_54,37
party_list_19_4_55,33
party_list_19_4_56,48
party_list_19_4_57,120
party_list_20_1_1,1413
party_list_20_1_2,745
party_list_20_1_3,173
party_list_20_1_4,95
party_list_20_1_5,525
party_list_20_1_6,2683
party_list_20_1_7,244
party_list_20_1_8,340
party_list_20_1_9,5288
party_list_20_1_10,469
party_list_20_1_11,2577
party_list_20_1_12,534
party_list_20_1_13,336
party_list_20_1_14,30
party_list_20_1_15,36
party_list_20_1_16,97
party_list_20_1_17,70
party_list_20_1_18,17
party_list_20_1_19,37
party_list_20_1_20,21
party_list_20_1_21,33
party_list_20_1_22,17
party_list_20_1_23,58
party_list_20_1_24,36
party_list_20_1_25,19
party_list_20_1_26,41
party_list_20_1_27,5570
party_list_20_1_28,79
party_list_20_1_29,1515
party_list_20_1_30,125
party_list_20_1_31,87
party_list_20_1_32,45
party_list_20_1_33,64
party_list_20_1_34,64
party_list_20_1_35,101
party_list_20_1_36,110
party_list_20_1_37,28747
party_list_20_1_38,53
party_list_20_1_39,47
party_list_20_1_40,15
party_list_20_1_41,12
party_list_20_1_42,103
party_list_20_1_43,277
party_list_20_1_44,43
party_list_20_1_45,56
party_list_20_1_46,44014
party_list_20_1_47,258
party_list_20_1_48,402
party_list_20_1_49,381
party_list_20_1_50,0
party_list_20_1_51,36
party_list_20_1_52,0
party_list_20_1_53,0
party_list_20_1_54,16
party_list_20_1_55,0
party_list_20_1_56,16
party_list_20_1_57,26
party_list_20_10_1,93
party_list_20_10_2,1670
party_list_20_10_3,232
party_list_20_10_4,91
party_list_20_10_5,675
party_list_20_10_6,2517
party_list_20_10_7,812
party_list_20_10_8,329
party_list_20_10_9,7353
party_list_20_10_10,592
party_list_20_10_11,4210
party_list_20_10_12,682
party_list_20_10_13,489
party_list_20_10_14,41
party_list_20_10_15,72
party_list_20_10_16,124
party_list_20_10_17,76
party_list_20_10_18,34
party_list_20_10_19,24
party_list_20_10_20,45
party_list_20_10_21,58
party_list_20_10_22,26
party_list_20_10_23,52
party_list_20_10_24,29
party_list_20_10_25,10
party_list_20_10_26,37
party_list_20_10_27,4540
party_list_20_10_28,127
party_list_20_10_29,980
party_list_20_10_30,62
party_list_20_10_31,108
party_list_20_10_32,82
party_list_20_10_33,106
party_list_20_10_34,69
party_list_20_10_35,125
party_list_20_10_36,105
party_list_20_10_37,19065
party_list_20_10_38,63
party_list_20_10_39,50
party_list_20_10_40,39
party_list_20_10_41,33
party_list_20_10_42,1508
party_list_20_10_43,244
party_list_20_10_44,27
party_list_20_10_45,70
party_list_20_10_46,33067
party_list_20_10_47,133
party_list_20_10_48,544
party_list_20_10_49,309
party_list_20_10_50,0
party_list_20_10_51,63
party_list_20_10_52,24
party_list_20_10_53,12
party_list_20_10_54,28
party_list_20_10_55,11
party_list_20_10_56,18
party_list_20_10_57,30
party_list_20_2_1,188
party_list_20_2_2,430
party_list_20_2_3,1002
party_list_20_2_4,62
party_list_20_2_5,722
party_list_20_2_6,2049
party_list_20_2_7,90
party_list_20_2_8,458
party_list_20_2_9,4591
party_list_20_2_10,402
party_list_20_2_11,2204
party_list_20_2_12,470
party_list_20_2_13,289
party_list_20_2_14,20
party_list_20_2_15,34
party_list_20_2_16,63
party_list_20_2_17,59
party_list_20_2_18,11
party_list_20_2_19,136
party_list_20_2_20,11
party_list_20_2_21,32
party_list_20_2_22,14
party_list_20_2_23,35
party_list_20_2_24,17
party_list_20_2_25,13
party_list_20_2_26,32
party_list_20_2_27,7294
party_list_20_2_28,69
party_list_20_2_29,1196
party_list_20_2_30,47
party_list_20_2_31,49
party_list_20_2_32,36
party_list_20_2_33,75
party_list_20_2_34,66
party_list_20_2_35,63
party_list_20_2_36,83
party_list_20_2_37,21207
party_list_20_2_38,49
party_list_20_2_39,34
party_list_20_2_40,17
party_list_20_2_41,10
party_list_20_2_42,67
party_list_20_2_43,451
party_list_20_2_44,42
party_list_20_2_45,33
party_list_20_2_46,34047
party_list_20_2_47,96
party_list_20_2_48,330
party_list_20_2_49,255
party_list_20_2_50,0
party_list_20_2_51,30
party_list_20_2_52,15
party_list_20_2_53,0
party_list_20_2_54,12
party_list_20_2_55,0
party_list_20_2_56,12
party_list_20_2_57,27
party_list_20_3_1,377
party_list_20_3_2,3637
party_list_20_3_3,301
party_list_20_3_4,156
party_list_20_3_5,679
party_list_20_3_6,2222
party_list_20_3_7,105
party_list_20_3_8,470
party_list_20_3_9,5574
party_list_20_3_10,481
party_list_20_3_11,3702
party_list_20_3_12,593
party_list_20_3_13,506
party_list_20_3_14,110
party_list_20_3_15,59
party_list_20_3_16,81
party_list_20_3_17,119
party_list_20_3_18,19
party_list_20_3_19,192
party_list_20_3_20,25
party_list_20_3_21,56
party_list_20_3_22,40
party_list_20_3_23,42
party_list_20_3_24,41
party_list_20_3_25,17
party_list_20_3_26,64
party_list_20_3_27,6541
party_list_20_3_28,121
party_list_20_3_29,718
party_list_20_3_30,79
party_list_20_3_31,188
party_list_20_3_32,107
party_list_20_3_33,87
party_list_20_3_34,97
party_list_20_3_35,95
party_list_20_3_36,111
party_list_20_3_37,21635
party_list_20_3_38,62
party_list_20_3_39,45
party_list_20_3_40,27
party_list_20_3_41,16
party_list_20_3_42,317
party_list_20_3_43,209
party_list_20_3_44,39
party_list_20_3_45,48
party_list_20_3_46,40642
party_list_20_3_47,166
party_list_20_3_48,441
party_list_20_3_49,267
party_list_20_3_50,0
party_list_20_3_51,58
party_list_20_3_52,0
party_list_20_3_53,11
party_list_20_3_54,20
party_list_20_3_55,18
party_list_20_3_56,46
party_list_20_3_57,39
party_list_20_4_1,245
party_list_20_4_2,1341
party_list_20_4_3,385
party_list_20_4_4,157
party_list_20_4_5,4257
party_list_20_4_6,2286
party_list_20_4_7,108
party_list_20_4_8,709
party_list_20_4_9,4918
party_list_20_4_10,432
party_list_20_4_11,3589
party_list_20_4_12,472
party_list_20_4_13,548
party_list_20_4_14,41
party_list_20_4_15,64
party_list_20_4_16,160
party_list_20_4_17,146
party_list_20_4_18,31
party_list_20_4_19,64
party_list_20_4_20,29
party_list_20_4_21,59
party_list_20_4_22,48
party_list_20_4_23,81
party_list_20_4_24,59
party_list_20_4_25,44
party_list_20_4_26,116
party_list_20_4_27,9686
party_list_20_4_28,109
party_list_20_4_29,748
party_list_20_4_30,110
party_list_20_4_31,165
party_list_20_4_32,81
party_list_20_4_33,96
party_list_20_4_34,234
party_list_20_4_35,217
party_list_20_4_36,110
party_list_20_4_37,20031
party_list_20_4_38,88
party_list_20_4_39,42
party_list_20_4_40,66
party_list_20_4_41,18
party_list_20_4_42,148
party_list_20_4_43,435
party_list_20_4_44,43
party_list_20_4_45,71
party_list_20_4_46,27214
party_list_20_4_47,117
party_list_20_4_48,205
party_list_20_4_49,201
party_list_20_4_50,0
party_list_20_4_51,60
party_list_20_4_52,16
party_list_20_4_53,0
party_list_20_4_54,27
party_list_20_4_55,19
party_list_20_4_56,55
party_list_20_4_57,61
party_list_20_5_1,261
party_list_20_5_2,1334
party_list_20_5_3,3228
party_list_20_5_4,218
party_list_20_5_5,980
party_list_20_5_6,2926
party_list_20_5_7,501
party_list_20_5_8,731
party_list_20_5_9,8312
party_list_20_5_10,686
party_list_20_5_11,5519
party_list_20_5_12,597
party_list_20_5_13,568
party_list_20_5_14,88
party_list_20_5_15,82
party_list_20_5_16,172
party_list_20_5_17,117
party_list_20_5_18,28
party_list_20_5_19,67
party_list_20_5_20,36
party_list_20_5_21,54
party_list_20_5_22,36
party_list_20_5_23,87
party_list_20_5_24,40
party_list_20_5_25,37
party_list_20_5_26,63
party_list_20_5_27,7356
party_list_20_5_28,142
party_list_20_5_29,881
party_list_20_5_30,161
party_list_20_5_31,136
party_list_20_5_32,234
party_list_20_5_33,179
party_list_20_5_34,134
party_list_20_5_35,119
party_list_20_5_36,213
party_list_20_5_37,24984
party_list_20_5_38,157
party_list_20_5_39,58
party_list_20_5_40,86
party_list_20_5_41,25
party_list_20_5_42,144
party_list_20_5_43,317
party_list_20_5_44,33
party_list_20_5_45,52
party_list_20_5_46,31880
party_list_20_5_47,150
party_list_20_5_48,286
party_list_20_5_49,234
party_list_20_5_50,0
party_list_20_5_51,72
party_list_20_5_52,51
party_list_20_5_53,17
party_list_20_5_54,27
party_list_20_5_55,22
party_list_20_5_56,56
party_list_20_5_57,78
party_list_20_6_1,162
party_list_20_6_2,457
party_list_20_6_3,140
party_list_20_6_4,104
party_list_20_6_5,428
party_list_20_6_6,2468
party_list_20_6_7,298
party_list_20_6_8,1814
party_list_20_6_9,5757
party_list_20_6_10,435
party_list_20_6_11,3001
party_list_20_6_12,564
party_list_20_6_13,508
party_list_20_6_14,24
party_list_20_6_15,65
party_list_20_6_16,121
party_list_20_6_17,50
party_list_20_6_18,38
party_list_20_6_19,76
party_list_20_6_20,19
party_list_20_6_21,52
party_list_20_6_22,27
party_list_20_6_23,71
party_list_20_6_24,37
party_list_20_6_25,19
party_list_20_6_26,98
party_list_20_6_27,5092
party_list_20_6_28,100
party_list_20_6_29,1306
party_list_20_6_30,67
party_list_20_6_31,75
party_list_20_6_32,192
party_list_20_6_33,81
party_list_20_6_34,77
party_list_20_6_35,252
party_list_20_6_36,114
party_list_20_6_37,22453
party_list_20_6_38,119
party_list_20_6_39,35
party_list_20_6_40,34
party_list_20_6_41,22
party_list_20_6_42,175
party_list_20_6_43,262
party_list_20_6_44,34
party_list_20_6_45,42
party_list_20_6_46,42133
party_list_20_6_47,267
party_list_20_6_48,425
party_list_20_6_49,325
party_list_20_6_50,0
party_list_20_6_51,43
party_list_20_6_52,13
party_list_20_6_53,0
party_list_20_6_54,17
party_list_20_6_55,13
party_list_20_6_56,34
party_list_20_6_57,33
party_list_20_7_1,275
party_list_20_7_2,507
party_list_20_7_3,152
party_list_20_7_4,103
party_list_20_7_5,454
party_list_20_7_6,3731
party_list_20_7_7,120
party_list_20_7_8,349
party_list_20_7_9,5514
party_list_20_7_10,410
party_list_20_7_11,3106
party_list_20_7_12,659
party_list_20_7_13,506
party_list_20_7_14,18
party_list_20_7_15,66
party_list_20_7_16,132
party_list_20_7_17,50
party_list_20_7_18,17
party_list_20_7_19,191
party_list_20_7_20,0
party_list_20_7_21,53
party_list_20_7_22,17
party_list_20_7_23,143
party_list_20_7_24,34
party_list_20_7_25,11
party_list_20_7_26,34
party_list_20_7_27,3589
party_list_20_7_28,107
party_list_20_7_29,523
party_list_20_7_30,69
party_list_20_7_31,66
party_list_20_7_32,49
party_list_20_7_33,69
party_list_20_7_34,63
party_list_20_7_35,115
party_list_20_7_36,166
party_list_20_7_37,17853
party_list_20_7_38,54
party_list_20_7_39,35
party_list_20_7_40,30
party_list_20_7_41,17
party_list_20_7_42,89
party_list_20_7_43,225
party_list_20_7_44,20
party_list_20_7_45,41
party_list_20_7_46,43372
party_list_20_7_47,129
party_list_20_7_48,292
party_list_20_7_49,210
party_list_20_7_50,0
party_list_20_7_51,61
party_list_20_7_52,16
party_list_20_7_53,0
party_list_20_7_54,16
party_list_20_7_55,0
party_list_20_7_56,13
party_list_20_7_57,21
party_list_20_8_1,178
party_list_20_8_2,704
party_list_20_8_3,273
party_list_20_8_4,115
party_list_20_8_5,3357
party_list_20_8_6,1870
party_list_20_8_7,305
party_list_20_8_8,442
party_list_20_8_9,6945
party_list_20_8_10,418
party_list_20_8_11,3317
party_list_20_8_12,914
party_list_20_8_13,538
party_list_20_8_14,44
party_list_20_8_15,71
party_list_20_8_16,131
party_list_20_8_17,97
party_list_20_8_18,27
party_list_20_8_19,78
party_list_20_8_20,20
party_list_20_8_21,46
party_list_20_8_22,22
party_list_20_8_23,75
party_list_20_8_24,37
party_list_20_8_25,25
party_list_20_8_26,43
party_list_20_8_27,4521
party_list_20_8_28,135
party_list_20_8_29,835
party_list_20_8_30,63
party_list_20_8_31,83
party_list_20_8_32,77
party_list_20_8_33,69
party_list_20_8_34,144
party_list_20_8_35,167
party_list_20_8_36,208
party_list_20_8_37,21336
party_list_20_8_38,88
party_list_20_8_39,55
party_list_20_8_40,27
party_list_20_8_41,16
party_list_20_8_42,70
party_list_20_8_43,189
party_list_20_8_44,29
party_list_20_8_45,58
party_list_20_8_46,38807
party_list_20_8_47,260
party_list_20_8_48,407
party_list_20_8_49,266
party_list_20_8_50,10
party_list_20_8_51,64
party_list_20_8_52,10
party_list_20_8_53,15
party_list_20_8_54,22
party_list_20_8_55,17
party_list_20_8_56,24
party_list_20_8_57,46
party_list_20_9_1,65
party_list_20_9_2,373
party_list_20_9_3,139
party_list_20_9_4,61
party_list_20_9_5,516
party_list_20_9_6,1764
party_list_20_9_7,62
party_list_20_9_8,1164
party_list_20_9_9,6067
party_list_20_9_10,310
party_list_20_9_11,2314
party_list_20_9_12,442
party_list_20_9_13,407
party_list_20_9_14,15
party_list_20_9_15,57
party_list_20_9_16,111
party_list_20_9_17,39
party_list_20_9_18,21
party_list_20_9_19,15
party_list_20_9_20,14
party_list_20_9_21,24
party_list_20_9_22,19
party_list_20_9_23,40
party_list_20_9_24,17
party_list_20_9_25,20
party_list_20_9_26,30
party_list_20_9_27,3508
party_list_20_9_28,112
party_list_20_9_29,741
party_list_20_9_30,23
party_list_20_9_31,49
party_list_20_9_32,33
party_list_20_9_33,89
party_list_20_9_34,44
party_list_20_9_35,75
party_list_20_9_36,58
party_list_20_9_37,14834
party_list_20_9_38,97
party_list_20_9_39,32
party_list_20_9_40,12
party_list_20_9_41,11
party_list_20_9_42,45
party_list_20_9_43,126
party_list_20_9_44,31
party_list_20_9_45,55
party_list_20_9_46,30288
party_list_20_9_47,90
party_list_20_9_48,275
party_list_20_9_49,231
party_list_20_9_50,0
party_list_20_9_51,44
party_list_20_9_52,0
party_list_20_9_53,0
party_list_20_9_54,18
party_list_20_9_55,14
party_list_20_9_56,0
party_list_20_9_57,21
party_list_21_1_1,224
party_list_21_1_2,445
party_list_21_1_3,176
party_list_21_1_4,318
party_list_21_1_5,1728
party_list_21_1_6,1757
party_list_21_1_7,51
party_list_21_1_8,629
party_list_21_1_9,4941
party_list_21_1_10,423
party_list_21_1_11,2501
party_list_21_1_12,357
party_list_21_1_13,346
party_list_21_1_14,13
party_list_21_1_15,53
party_list_21_1_16,76
party_list_21_1_17,71
party_list_21_1_18,11
party_list_21_1_19,28
party_list_21_1_20,16
party_list_21_1_21,53
party_list_21_1_22,11
party_list_21_1_23,22
party_list_21_1_24,48
party_list_21_1_25,34
party_list_21_1_26,37
party_list_21_1_27,11580
party_list_21_1_28,112
party_list_21_1_29,658
party_list_21_1_30,52
party_list_21_1_31,57
party_list_21_1_32,56
party_list_21_1_33,82
party_list_21_1_34,103
party_list_21_1_35,117
party_list_21_1_36,73
party_list_21_1_37,17260
party_list_21_1_38,159
party_list_21_1_39,37
party_list_21_1_40,17
party_list_21_1_41,12
party_list_21_1_42,74
party_list_21_1_43,132
party_list_21_1_44,31
party_list_21_1_45,38
party_list_21_1_46,40117
party_list_21_1_47,120
party_list_21_1_48,313
party_list_21_1_49,606
party_list_21_1_50,0
party_list_21_1_51,53
party_list_21_1_52,0
party_list_21_1_53,0
party_list_21_1_54,21
party_list_21_1_55,0
party_list_21_1_56,32
party_list_21_1_57,32
party_list_21_2_1,354
party_list_21_2_2,666
party_list_21_2_3,469
party_list_21_2_4,119
party_list_21_2_5,252
party_list_21_2_6,1689
party_list_21_2_7,49
party_list_21_2_8,620
party_list_21_2_9,4021
party_list_21_2_10,358
party_list_21_2_11,2249
party_list_21_2_12,355
party_list_21_2_13,314
party_list_21_2_14,20
party_list_21_2_15,41
party_list_21_2_16,71
party_list_21_2_17,68
party_list_21_2_18,13
party_list_21_2_19,36
party_list_21_2_20,17
party_list_21_2_21,33
party_list_21_2_22,12
party_list_21_2_23,52
party_list_21_2_24,30
party_list_21_2_25,16
party_list_21_2_26,70
party_list_21_2_27,17477
party_list_21_2_28,110
party_list_21_2_29,695
party_list_21_2_30,61
party_list_21_2_31,40
party_list_21_2_32,56
party_list_21_2_33,66
party_list_21_2_34,48
party_list_21_2_35,53
party_list_21_2_36,85
party_list_21_2_37,9002
party_list_21_2_38,32
party_list_21_2_39,23
party_list_21_2_40,22
party_list_21_2_41,18
party_list_21_2_42,69
party_list_21_2_43,89
party_list_21_2_44,28
party_list_21_2_45,48
party_list_21_2_46,31608
party_list_21_2_47,93
party_list_21_2_48,423
party_list_21_2_49,549
party_list_21_2_50,0
party_list_21_2_51,48
party_list_21_2_52,0
party_list_21_2_53,0
party_list_21_2_54,0
party_list_21_2_55,15
party_list_21_2_56,52
party_list_21_2_57,22
party_list_21_3_1,467
party_list_21_3_2,921
party_list_21_3_3,742
party_list_21_3_4,177
party_list_21_3_5,1489
party_list_21_3_6,4608
party_list_21_3_7,97
party_list_21_3_8,993
party_list_21_3_9,5066
party_list_21_3_10,472
party_list_21_3_11,3420
party_list_21_3_12,321
party_list_21_3_13,478
party_list_21_3_14,50
party_list_21_3_15,49
party_list_21_3_16,148
party_list_21_3_17,130
party_list_21_3_18,23
party_list_21_3_19,66
party_list_21_3_20,42
party_list_21_3_21,32
party_list_21_3_22,37
party_list_21_3_23,50
party_list_21_3_24,52
party_list_21_3_25,55
party_list_21_3_26,132
party_list_21_3_27,17400
party_list_21_3_28,144
party_list_21_3_29,467
party_list_21_3_30,143
party_list_21_3_31,90
party_list_21_3_32,77
party_list_21_3_33,109
party_list_21_3_34,117
party_list_21_3_35,185
party_list_21_3_36,96
party_list_21_3_37,9301
party_list_21_3_38,80
party_list_21_3_39,34
party_list_21_3_40,33
party_list_21_3_41,14
party_list_21_3_42,82
party_list_21_3_43,131
party_list_21_3_44,39
party_list_21_3_45,146
party_list_21_3_46,27801
party_list_21_3_47,116
party_list_21_3_48,402
party_list_21_3_49,269
party_list_21_3_50,10
party_list_21_3_51,60
party_list_21_3_52,14
party_list_21_3_53,12
party_list_21_3_54,18
party_list_21_3_55,17
party_list_21_3_56,74
party_list_21_3_57,54
party_list_21_4_1,473
party_list_21_4_2,3818
party_list_21_4_3,417
party_list_21_4_4,149
party_list_21_4_5,489
party_list_21_4_6,1924
party_list_21_4_7,84
party_list_21_4_8,746
party_list_21_4_9,5374
party_list_21_4_10,417
party_list_21_4_11,3275
party_list_21_4_12,351
party_list_21_4_13,419
party_list_21_4_14,31
party_list_21_4_15,81
party_list_21_4_16,110
party_list_21_4_17,119
party_list_21_4_18,16
party_list_21_4_19,133
party_list_21_4_20,25
party_list_21_4_21,47
party_list_21_4_22,38
party_list_21_4_23,56
party_list_21_4_24,40
party_list_21_4_25,51
party_list_21_4_26,67
party_list_21_4_27,11305
party_list_21_4_28,134
party_list_21_4_29,482
party_list_21_4_30,109
party_list_21_4_31,233
party_list_21_4_32,136
party_list_21_4_33,112
party_list_21_4_34,86
party_list_21_4_35,104
party_list_21_4_36,116
party_list_21_4_37,19236
party_list_21_4_38,92
party_list_21_4_39,47
party_list_21_4_40,34
party_list_21_4_41,16
party_list_21_4_42,154
party_list_21_4_43,141
party_list_21_4_44,46
party_list_21_4_45,47
party_list_21_4_46,36093
party_list_21_4_47,165
party_list_21_4_48,259
party_list_21_4_49,361
party_list_21_4_50,0
party_list_21_4_51,51
party_list_21_4_52,12
party_list_21_4_53,0
party_list_21_4_54,16
party_list_21_4_55,14
party_list_21_4_56,47
party_list_21_4_57,49
party_list_21_5_1,258
party_list_21_5_2,1078
party_list_21_5_3,343
party_list_21_5_4,152
party_list_21_5_5,2507
party_list_21_5_6,1940
party_list_21_5_7,67
party_list_21_5_8,487
party_list_21_5_9,6141
party_list_21_5_10,426
party_list_21_5_11,3122
party_list_21_5_12,504
party_list_21_5_13,525
party_list_21_5_14,24
party_list_21_5_15,55
party_list_21_5_16,94
party_list_21_5_17,69
party_list_21_5_18,17
party_list_21_5_19,28
party_list_21_5_20,18
party_list_21_5_21,53
party_list_21_5_22,21
party_list_21_5_23,40
party_list_21_5_24,47
party_list_21_5_25,26
party_list_21_5_26,89
party_list_21_5_27,6656
party_list_21_5_28,119
party_list_21_5_29,508
party_list_21_5_30,79
party_list_21_5_31,97
party_list_21_5_32,55
party_list_21_5_33,89
party_list_21_5_34,139
party_list_21_5_35,138
party_list_21_5_36,165
party_list_21_5_37,16119
party_list_21_5_38,69
party_list_21_5_39,45
party_list_21_5_40,28
party_list_21_5_41,12
party_list_21_5_42,103
party_list_21_5_43,130
party_list_21_5_44,24
party_list_21_5_45,66
party_list_21_5_46,39716
party_list_21_5_47,133
party_list_21_5_48,424
party_list_21_5_49,307
party_list_21_5_50,0
party_list_21_5_51,68
party_list_21_5_52,10
party_list_21_5_53,11
party_list_21_5_54,22
party_list_21_5_55,12
party_list_21_5_56,25
party_list_21_5_57,37
party_list_22_1_1,1614
party_list_22_1_2,1033
party_list_22_1_3,847
party_list_22_1_4,335
party_list_22_1_5,673
party_list_22_1_6,2924
party_list_22_1_7,166
party_list_22_1_8,646
party_list_22_1_9,8687
party_list_22_1_10,534
party_list_22_1_11,6091
party_list_22_1_12,498
party_list_22_1_13,525
party_list_22_1_14,61
party_list_22_1_15,54
party_list_22_1_16,136
party_list_22_1_17,73
party_list_22_1_18,18
party_list_22_1_19,41
party_list_22_1_20,30
party_list_22_1_21,37
party_list_22_1_22,18
party_list_22_1_23,69
party_list_22_1_24,41
party_list_22_1_25,23
party_list_22_1_26,48
party_list_22_1_27,8816
party_list_22_1_28,94
party_list_22_1_29,1193
party_list_22_1_30,121
party_list_22_1_31,133
party_list_22_1_32,86
party_list_22_1_33,115
party_list_22_1_34,100
party_list_22_1_35,141
party_list_22_1_36,122
party_list_22_1_37,25749
party_list_22_1_38,94
party_list_22_1_39,60
party_list_22_1_40,39
party_list_22_1_41,15
party_list_22_1_42,218
party_list_22_1_43,188
party_list_22_1_44,34
party_list_22_1_45,47
party_list_22_1_46,36381
party_list_22_1_47,137
party_list_22_1_48,789
party_list_22_1_49,336
party_list_22_1_50,12
party_list_22_1_51,40
party_list_22_1_52,10
party_list_22_1_53,0
party_list_22_1_54,10
party_list_22_1_55,15
party_list_22_1_56,68
party_list_22_1_57,39
party_list_22_2_1,702
party_list_22_2_2,2338
party_list_22_2_3,2874
party_list_22_2_4,772
party_list_22_2_5,801
party_list_22_2_6,2393
party_list_22_2_7,138
party_list_22_2_8,861
party_list_22_2_9,6716
party_list_22_2_10,624
party_list_22_2_11,7366
party_list_22_2_12,455
party_list_22_2_13,571
party_list_22_2_14,134
party_list_22_2_15,77
party_list_22_2_16,162
party_list_22_2_17,177
party_list_22_2_18,19
party_list_22_2_19,53
party_list_22_2_20,40
party_list_22_2_21,43
party_list_22_2_22,37
party_list_22_2_23,82
party_list_22_2_24,86
party_list_22_2_25,26
party_list_22_2_26,146
party_list_22_2_27,10350
party_list_22_2_28,109
party_list_22_2_29,574
party_list_22_2_30,150
party_list_22_2_31,211
party_list_22_2_32,219
party_list_22_2_33,216
party_list_22_2_34,138
party_list_22_2_35,168
party_list_22_2_36,149
party_list_22_2_37,20491
party_list_22_2_38,122
party_list_22_2_39,50
party_list_22_2_40,88
party_list_22_2_41,26
party_list_22_2_42,176
party_list_22_2_43,176
party_list_22_2_44,61
party_list_22_2_45,68
party_list_22_2_46,29101
party_list_22_2_47,190
party_list_22_2_48,954
party_list_22_2_49,175
party_list_22_2_50,0
party_list_22_2_51,55
party_list_22_2_52,44
party_list_22_2_53,0
party_list_22_2_54,16
party_list_22_2_55,18
party_list_22_2_56,62
party_list_22_2_57,83
party_list_22_3_1,679
party_list_22_3_2,1163
party_list_22_3_3,2373
party_list_22_3_4,300
party_list_22_3_5,1142
party_list_22_3_6,4718
party_list_22_3_7,392
party_list_22_3_8,708
party_list_22_3_9,8178
party_list_22_3_10,613
party_list_22_3_11,7337
party_list_22_3_12,393
party_list_22_3_13,613
party_list_22_3_14,163
party_list_22_3_15,97
party_list_22_3_16,210
party_list_22_3_17,157
party_list_22_3_18,26
party_list_22_3_19,52
party_list_22_3_20,37
party_list_22_3_21,76
party_list_22_3_22,33
party_list_22_3_23,91
party_list_22_3_24,78
party_list_22_3_25,22
party_list_22_3_26,94
party_list_22_3_27,6749
party_list_22_3_28,132
party_list_22_3_29,579
party_list_22_3_30,146
party_list_22_3_31,132
party_list_22_3_32,177
party_list_22_3_33,148
party_list_22_3_34,195
party_list_22_3_35,269
party_list_22_3_36,199
party_list_22_3_37,21523
party_list_22_3_38,136
party_list_22_3_39,48
party_list_22_3_40,95
party_list_22_3_41,38
party_list_22_3_42,467
party_list_22_3_43,2000
party_list_22_3_44,43
party_list_22_3_45,91
party_list_22_3_46,26341
party_list_22_3_47,170
party_list_22_3_48,651
party_list_22_3_49,244
party_list_22_3_50,21
party_list_22_3_51,49
party_list_22_3_52,16
party_list_22_3_53,22
party_list_22_3_54,25
party_list_22_3_55,16
party_list_22_3_56,45
party_list_22_3_57,85
party_list_23_1_1,3279
party_list_23_1_2,1379
party_list_23_1_3,473
party_list_23_1_4,312
party_list_23_1_5,811
party_list_23_1_6,3333
party_list_23_1_7,488
party_list_23_1_8,1122
party_list_23_1_9,6678
party_list_23_1_10,650
party_list_23_1_11,7915
party_list_23_1_12,518
party_list_23_1_13,567
party_list_23_1_14,113
party_list_23_1_15,63
party_list_23_1_16,168
party_list_23_1_17,175
party_list_23_1_18,29
party_list_23_1_19,44
party_list_23_1_20,52
party_list_23_1_21,54
party_list_23_1_22,38
party_list_23_1_23,40
party_list_23_1_24,83
party_list_23_1_25,34
party_list_23_1_26,148
party_list_23_1_27,13504
party_list_23_1_28,136
party_list_23_1_29,833
party_list_23_1_30,311
party_list_23_1_31,203
party_list_23_1_32,134
party_list_23_1_33,211
party_list_23_1_34,168
party_list_23_1_35,177
party_list_23_1_36,251
party_list_23_1_37,34158
party_list_23_1_38,164
party_list_23_1_39,55
party_list_23_1_40,73
party_list_23_1_41,41
party_list_23_1_42,1307
party_list_23_1_43,711
party_list_23_1_44,47
party_list_23_1_45,87
party_list_23_1_46,32353
party_list_23_1_47,371
party_list_23_1_48,533
party_list_23_1_49,235
party_list_23_1_50,0
party_list_23_1_51,53
party_list_23_1_52,36
party_list_23_1_53,11
party_list_23_1_54,22
party_list_23_1_55,23
party_list_23_1_56,90
party_list_23_1_57,73
party_list_24_1_1,460
party_list_24_1_2,4376
party_list_24_1_3,694
party_list_24_1_4,227
party_list_24_1_5,556
party_list_24_1_6,3168
party_list_24_1_7,144
party_list_24_1_8,540
party_list_24_1_9,14528
party_list_24_1_10,763
party_list_24_1_11,3740
party_list_24_1_12,570
party_list_24_1_13,659
party_list_24_1_14,48
party_list_24_1_15,64
party_list_24_1_16,201
party_list_24_1_17,126
party_list_24_1_18,15
party_list_24_1_19,57
party_list_24_1_20,32
party_list_24_1_21,45
party_list_24_1_22,36
party_list_24_1_23,103
party_list_24_1_24,36
party_list_24_1_25,30
party_list_24_1_26,52
party_list_24_1_27,7342
party_list_24_1_28,128
party_list_24_1_29,996
party_list_24_1_30,114
party_list_24_1_31,233
party_list_24_1_32,97
party_list_24_1_33,186
party_list_24_1_34,96
party_list_24_1_35,190
party_list_24_1_36,108
party_list_24_1_37,16774
party_list_24_1_38,114
party_list_24_1_39,60
party_list_24_1_40,124
party_list_24_1_41,27
party_list_24_1_42,508
party_list_24_1_43,226
party_list_24_1_44,51
party_list_24_1_45,69
party_list_24_1_46,40400
party_list_24_1_47,114
party_list_24_1_48,563
party_list_24_1_49,516
party_list_24_1_50,0
party_list_24_1_51,52
party_list_24_1_52,55
party_list_24_1_53,17
party_list_24_1_54,36
party_list_24_1_55,19
party_list_24_1_56,34
party_list_24_1_57,89
party_list_24_2_1,336
party_list_24_2_2,1922
party_list_24_2_3,2704
party_list_24_2_4,3714
party_list_24_2_5,1049
party_list_24_2_6,3154
party_list_24_2_7,130
party_list_24_2_8,859
party_list_24_2_9,17413
party_list_24_2_10,794
party_list_24_2_11,5121
party_list_24_2_12,732
party_list_24_2_13,933
party_list_24_2_14,110
party_list_24_2_15,110
party_list_24_2_16,281
party_list_24_2_17,153
party_list_24_2_18,32
party_list_24_2_19,74
party_list_24_2_20,43
party_list_24_2_21,63
party_list_24_2_22,43
party_list_24_2_23,162
party_list_24_2_24,181
party_list_24_2_25,62
party_list_24_2_26,123
party_list_24_2_27,9619
party_list_24_2_28,190
party_list_24_2_29,724
party_list_24_2_30,141
party_list_24_2_31,172
party_list_24_2_32,199
party_list_24_2_33,632
party_list_24_2_34,214
party_list_24_2_35,206
party_list_24_2_36,154
party_list_24_2_37,14684
party_list_24_2_38,237
party_list_24_2_39,98
party_list_24_2_40,411
party_list_24_2_41,52
party_list_24_2_42,4950
party_list_24_2_43,323
party_list_24_2_44,101
party_list_24_2_45,207
party_list_24_2_46,32949
party_list_24_2_47,155
party_list_24_2_48,412
party_list_24_2_49,298
party_list_24_2_50,0
party_list_24_2_51,79
party_list_24_2_52,48
party_list_24_2_53,21
party_list_24_2_54,39
party_list_24_2_55,22
party_list_24_2_56,69
party_list_24_2_57,95
party_list_24_3_1,1317
party_list_24_3_2,2173
party_list_24_3_3,504
party_list_24_3_4,4223
party_list_24_3_5,708
party_list_24_3_6,2209
party_list_24_3_7,161
party_list_24_3_8,501
party_list_24_3_9,14171
party_list_24_3_10,658
party_list_24_3_11,5683
party_list_24_3_12,741
party_list_24_3_13,984
party_list_24_3_14,127
party_list_24_3_15,130
party_list_24_3_16,253
party_list_24_3_17,169
party_list_24_3_18,42
party_list_24_3_19,70
party_list_24_3_20,58
party_list_24_3_21,86
party_list_24_3_22,66
party_list_24_3_23,83
party_list_24_3_24,417
party_list_24_3_25,49
party_list_24_3_26,128
party_list_24_3_27,4576
party_list_24_3_28,194
party_list_24_3_29,496
party_list_24_3_30,267
party_list_24_3_31,204
party_list_24_3_32,153
party_list_24_3_33,360
party_list_24_3_34,174
party_list_24_3_35,141
party_list_24_3_36,123
party_list_24_3_37,9840
party_list_24_3_38,231
party_list_24_3_39,60
party_list_24_3_40,764
party_list_24_3_41,103
party_list_24_3_42,7835
party_list_24_3_43,362
party_list_24_3_44,140
party_list_24_3_45,121
party_list_24_3_46,31106
party_list_24_3_47,178
party_list_24_3_48,417
party_list_24_3_49,246
party_list_24_3_50,13
party_list_24_3_51,73
party_list_24_3_52,28
party_list_24_3_53,35
party_list_24_3_54,46
party_list_24_3_55,25
party_list_24_3_56,37
party_list_24_3_57,109
party_list_24_4_1,291
party_list_24_4_2,1967
party_list_24_4_3,520
party_list_24_4_4,3097
party_list_24_4_5,2205
party_list_24_4_6,3148
party_list_24_4_7,167
party_list_24_4_8,602
party_list_24_4_9,12923
party_list_24_4_10,800
party_list_24_4_11,5042
party_list_24_4_12,1001
party_list_24_4_13,988
party_list_24_4_14,59
party_list_24_4_15,113
party_list_24_4_16,249
party_list_24_4_17,149
party_list_24_4_18,35
party_list_24_4_19,134
party_list_24_4_20,45
party_list_24_4_21,79
party_list_24_4_22,70
party_list_24_4_23,119
party_list_24_4_24,171
party_list_24_4_25,46
party_list_24_4_26,80
party_list_24_4_27,7012
party_list_24_4_28,243
party_list_24_4_29,843
party_list_24_4_30,294
party_list_24_4_31,154
party_list_24_4_32,114
party_list_24_4_33,273
party_list_24_4_34,226
party_list_24_4_35,184
party_list_24_4_36,135
party_list_24_4_37,15240
party_list_24_4_38,144
party_list_24_4_39,70
party_list_24_4_40,107
party_list_24_4_41,72
party_list_24_4_42,5650
party_list_24_4_43,258
party_list_24_4_44,82
party_list_24_4_45,112
party_list_24_4_46,44634
party_list_24_4_47,195
party_list_24_4_48,497
party_list_24_4_49,392
party_list_24_4_50,0
party_list_24_4_51,83
party_list_24_4_52,84
party_list_24_4_53,31
party_list_24_4_54,40
party_list_24_4_55,27
party_list_24_4_56,56
party_list_24_4_57,104
party_list_25_1_1,2250
party_list_25_1_2,2244
party_list_25_1_3,481
party_list_25_1_4,468
party_list_25_1_5,796
party_list_25_1_6,2466
party_list_25_1_7,98
party_list_25_1_8,450
party_list_25_1_9,8898
party_list_25_1_10,712
party_list_25_1_11,4310
party_list_25_1_12,658
party_list_25_1_13,608
party_list_25_1_14,105
party_list_25_1_15,86
party_list_25_1_16,169
party_list_25_1_17,138
party_list_25_1_18,28
party_list_25_1_19,38
party_list_25_1_20,47
party_list_25_1_21,71
party_list_25_1_22,40
party_list_25_1_23,52
party_list_25_1_24,58
party_list_25_1_25,99
party_list_25_1_26,55
party_list_25_1_27,4202
party_list_25_1_28,160
party_list_25_1_29,941
party_list_25_1_30,254
party_list_25_1_31,220
party_list_25_1_32,91
party_list_25_1_33,147
party_list_25_1_34,126
party_list_25_1_35,140
party_list_25_1_36,123
party_list_25_1_37,19725
party_list_25_1_38,103
party_list_25_1_39,57
party_list_25_1_40,134
party_list_25_1_41,31
party_list_25_1_42,500
party_list_25_1_43,358
party_list_25_1_44,104
party_list_25_1_45,83
party_list_25_1_46,30816
party_list_25_1_47,136
party_list_25_1_48,389
party_list_25_1_49,276
party_list_25_1_50,13
party_list_25_1_51,75
party_list_25_1_52,43
party_list_25_1_53,11
party_list_25_1_54,30
party_list_25_1_55,18
party_list_25_1_56,50
party_list_25_1_57,118
party_list_25_1_58,0
party_list_25_1_59,0
party_list_25_3_1,1015
party_list_25_3_2,5858
party_list_25_3_3,992
party_list_25_3_4,338
party_list_25_3_5,804
party_list_25_3_6,1712
party_list_25_3_7,125
party_list_25_3_8,630
party_list_25_3_9,9599
party_list_25_3_10,488
party_list_25_3_11,4554
party_list_25_3_12,567
party_list_25_3_13,782
party_list_25_3_14,66
party_list_25_3_15,82
party_list_25_3_16,212
party_list_25_3_17,227
party_list_25_3_18,36
party_list_25_3_19,70
party_list_25_3_20,41
party_list_25_3_21,57
party_list_25_3_22,56
party_list_25_3_23,82
party_list_25_3_24,57
party_list_25_3_25,43
party_list_25_3_26,102
party_list_25_3_27,4476
party_list_25_3_28,201
party_list_25_3_29,552
party_list_25_3_30,254
party_list_25_3_31,473
party_list_25_3_32,269
party_list_25_3_33,162
party_list_25_3_34,189
party_list_25_3_35,122
party_list_25_3_36,176
party_list_25_3_37,18183
party_list_25_3_38,154
party_list_25_3_39,73
party_list_25_3_40,86
party_list_25_3_41,39
party_list_25_3_42,129
party_list_25_3_43,241
party_list_25_3_44,55
party_list_25_3_45,75
party_list_25_3_46,29333
party_list_25_3_47,148
party_list_25_3_48,347
party_list_25_3_49,211
party_list_25_3_50,0
party_list_25_3_51,77
party_list_25_3_52,21
party_list_25_3_53,21
party_list_25_3_54,28
party_list_25_3_55,20
party_list_25_3_56,52
party_list_25_3_57,122
party_list_26_1_1,2187
party_list_26_1_2,4209
party_list_26_1_3,592
party_list_26_1_4,201
party_list_26_1_5,761
party_list_26_1_6,2601
party_list_26_1_7,77
party_list_26_1_8,482
party_list_26_1_9,7376
party_list_26_1_10,638
party_list_26_1_11,3870
party_list_26_1_12,654
party_list_26_1_13,486
party_list_26_1_14,72
party_list_26_1_15,75
party_list_26_1_16,152
party_list_26_1_17,102
party_list_26_1_18,15
party_list_26_1_19,29
party_list_26_1_20,46
party_list_26_1_21,61
party_list_26_1_22,43
party_list_26_1_23,36
party_list_26_1_24,88
party_list_26_1_25,27
party_list_26_1_26,65
party_list_26_1_27,6018
party_list_26_1_28,159
party_list_26_1_29,640
party_list_26_1_30,231
party_list_26_1_31,254
party_list_26_1_32,158
party_list_26_1_33,141
party_list_26_1_34,117
party_list_26_1_35,190
party_list_26_1_36,101
party_list_26_1_37,15677
party_list_26_1_38,116
party_list_26_1_39,45
party_list_26_1_40,86
party_list_26_1_41,33
party_list_26_1_42,2261
party_list_26_1_43,209
party_list_26_1_44,56
party_list_26_1_45,74
party_list_26_1_46,22429
party_list_26_1_47,122
party_list_26_1_48,355
party_list_26_1_49,252
party_list_26_1_50,13
party_list_26_1_51,68
party_list_26_1_52,23
party_list_26_1_53,0
party_list_26_1_54,43
party_list_26_1_55,22
party_list_26_1_56,62
party_list_26_1_57,74
party_list_26_2_1,277
party_list_26_2_2,1660
party_list_26_2_3,501
party_list_26_2_4,2352
party_list_26_2_5,944
party_list_26_2_6,5049
party_list_26_2_7,111
party_list_26_2_8,662
party_list_26_2_9,8738
party_list_26_2_10,671
party_list_26_2_11,3859
party_list_26_2_12,486
party_list_26_2_13,652
party_list_26_2_14,164
party_list_26_2_15,95
party_list_26_2_16,248
party_list_26_2_17,117
party_list_26_2_18,31
party_list_26_2_19,63
party_list_26_2_20,53
party_list_26_2_21,55
party_list_26_2_22,76
party_list_26_2_23,110
party_list_26_2_24,111
party_list_26_2_25,36
party_list_26_2_26,84
party_list_26_2_27,6609
party_list_26_2_28,188
party_list_26_2_29,605
party_list_26_2_30,296
party_list_26_2_31,148
party_list_26_2_32,117
party_list_26_2_33,330
party_list_26_2_34,157
party_list_26_2_35,278
party_list_26_2_36,221
party_list_26_2_37,16575
party_list_26_2_38,109
party_list_26_2_39,61
party_list_26_2_40,69
party_list_26_2_41,26
party_list_26_2_42,1363
party_list_26_2_43,266
party_list_26_2_44,65
party_list_26_2_45,54
party_list_26_2_46,23599
party_list_26_2_47,154
party_list_26_2_48,349
party_list_26_2_49,216
party_list_26_2_50,0
party_list_26_2_51,66
party_list_26_2_52,18
party_list_26_2_53,12
party_list_26_2_54,45
party_list_26_2_55,30
party_list_26_2_56,67
party_list_26_2_57,100
party_list_27_1_1,675
party_list_27_1_2,163
party_list_27_1_3,459
party_list_27_1_4,315
party_list_27_1_5,4216
party_list_27_1_6,2146
party_list_27_1_7,271
party_list_27_1_8,588
party_list_27_1_9,7889
party_list_27_1_10,479
party_list_27_1_11,6049
party_list_27_1_12,538
party_list_27_1_13,764
party_list_27_1_14,494
party_list_27_1_15,140
party_list_27_1_16,305
party_list_27_1_17,184
party_list_27_1_18,51
party_list_27_1_19,71
party_list_27_1_20,34
party_list_27_1_21,79
party_list_27_1_22,50
party_list_27_1_23,127
party_list_27_1_24,164
party_list_27_1_25,74
party_list_27_1_26,94
party_list_27_1_27,3678
party_list_27_1_28,181
party_list_27_1_29,379
party_list_27_1_30,130
party_list_27_1_31,173
party_list_27_1_32,147
party_list_27_1_33,195
party_list_27_1_34,1092
party_list_27_1_35,235
party_list_27_1_36,142
party_list_27_1_37,10781
party_list_27_1_38,158
party_list_27_1_39,69
party_list_27_1_40,88
party_list_27_1_41,62
party_list_27_1_42,338
party_list_27_1_43,17510
party_list_27_1_44,139
party_list_27_1_45,241
party_list_27_1_46,24351
party_list_27_1_47,212
party_list_27_1_48,302
party_list_27_1_49,472
party_list_27_1_50,19
party_list_27_1_51,68
party_list_27_1_52,18
party_list_27_1_53,41
party_list_27_1_54,29
party_list_27_1_55,22
party_list_27_1_56,42
party_list_27_1_57,78
party_list_27_2_1,373
party_list_27_2_2,1182
party_list_27_2_3,319
party_list_27_2_4,195
party_list_27_2_5,785
party_list_27_2_6,4677
party_list_27_2_7,193
party_list_27_2_8,647
party_list_27_2_9,7954
party_list_27_2_10,448
party_list_27_2_11,6516
party_list_27_2_12,567
party_list_27_2_13,690
party_list_27_2_14,489
party_list_27_2_15,101
party_list_27_2_16,366
party_list_27_2_17,162
party_list_27_2_18,41
party_list_27_2_19,33
party_list_27_2_20,35
party_list_27_2_21,224
party_list_27_2_22,47
party_list_27_2_23,127
party_list_27_2_24,199
party_list_27_2_25,42
party_list_27_2_26,84
party_list_27_2_27,2659
party_list_27_2_28,147
party_list_27_2_29,320
party_list_27_2_30,151
party_list_27_2_31,153
party_list_27_2_32,131
party_list_27_2_33,126
party_list_27_2_34,860
party_list_27_2_35,343
party_list_27_2_36,249
party_list_27_2_37,9796
party_list_27_2_38,157
party_list_27_2_39,70
party_list_27_2_40,98
party_list_27_2_41,48
party_list_27_2_42,454
party_list_27_2_43,22924
party_list_27_2_44,127
party_list_27_2_45,122
party_list_27_2_46,22827
party_list_27_2_47,190
party_list_27_2_48,289
party_list_27_2_49,320
party_list_27_2_50,19
party_list_27_2_51,62
party_list_27_2_52,26
party_list_27_2_53,18
party_list_27_2_54,38
party_list_27_2_55,13
party_list_27_2_56,33
party_list_27_2_57,74
party_list_27_3_1,2754
party_list_27_3_2,2088
party_list_27_3_3,3385
party_list_27_3_4,299
party_list_27_3_5,669
party_list_27_3_6,2041
party_list_27_3_7,120
party_list_27_3_8,709
party_list_27_3_9,17135
party_list_27_3_10,529
party_list_27_3_11,8894
party_list_27_3_12,469
party_list_27_3_13,545
party_list_27_3_14,65
party_list_27_3_15,62
party_list_27_3_16,215
party_list_27_3_17,115
party_list_27_3_18,23
party_list_27_3_19,56
party_list_27_3_20,38
party_list_27_3_21,91
party_list_27_3_22,48
party_list_27_3_23,84
party_list_27_3_24,214
party_list_27_3_25,34
party_list_27_3_26,83
party_list_27_3_27,3924
party_list_27_3_28,134
party_list_27_3_29,467
party_list_27_3_30,348
party_list_27_3_31,243
party_list_27_3_32,311
party_list_27_3_33,155
party_list_27_3_34,205
party_list_27_3_35,140
party_list_27_3_36,171
party_list_27_3_37,17896
party_list_27_3_38,315
party_list_27_3_39,69
party_list_27_3_40,151
party_list_27_3_41,83
party_list_27_3_42,5200
party_list_27_3_43,545
party_list_27_3_44,47
party_list_27_3_45,69
party_list_27_3_46,20087
party_list_27_3_47,158
party_list_27_3_48,266
party_list_27_3_49,287
party_list_27_3_50,0
party_list_27_3_51,49
party_list_27_3_52,19
party_list_27_3_53,28
party_list_27_3_54,24
party_list_27_3_55,16
party_list_27_3_56,68
party_list_27_3_57,85
party_list_30_1_1,101
party_list_30_1_2,514
party_list_30_1_3,213
party_list_30_1_4,73
party_list_30_1_5,296
party_list_30_1_6,2660
party_list_30_1_7,249
party_list_30_1_8,244
party_list_30_1_9,16325
party_list_30_1_10,513
party_list_30_1_11,4856
party_list_30_1_12,411
party_list_30_1_13,329
party_list_30_1_14,21
party_list_30_1_15,68
party_list_30_1_16,107
party_list_30_1_17,54
party_list_30_1_18,21
party_list_30_1_19,54
party_list_30_1_20,33
party_list_30_1_21,101
party_list_30_1_22,18
party_list_30_1_23,53
party_list_30_1_24,24
party_list_30_1_25,16
party_list_30_1_26,23
party_list_30_1_27,3063
party_list_30_1_28,82
party_list_30_1_29,1393
party_list_30_1_30,41
party_list_30_1_31,56
party_list_30_1_32,65
party_list_30_1_33,80
party_list_30_1_34,53
party_list_30_1_35,151
party_list_30_1_36,71
party_list_30_1_37,16001
party_list_30_1_38,127
party_list_30_1_39,42
party_list_30_1_40,64
party_list_30_1_41,12
party_list_30_1_42,149
party_list_30_1_43,203
party_list_30_1_44,270
party_list_30_1_45,37
party_list_30_1_46,33049
party_list_30_1_47,140
party_list_30_1_48,468
party_list_30_1_49,410
party_list_30_1_50,0
party_list_30_1_51,32
party_list_30_1_52,16
party_list_30_1_53,0
party_list_30_1_54,24
party_list_30_1_55,15
party_list_30_1_56,0
party_list_30_1_57,33
party_list_30_10_1,360
party_list_30_10_2,4669
party_list_30_10_3,589
party_list_30_10_4,1194
party_list_30_10_5,0
party_list_30_10_6,1803
party_list_30_10_7,1963
party_list_30_10_8,677
party_list_30_10_9,17715
party_list_30_10_10,541
party_list_30_10_11,6436
party_list_30_10_12,572
party_list_30_10_13,623
party_list_30_10_14,53
party_list_30_10_15,139
party_list_30_10_16,305
party_list_30_10_17,179
party_list_30_10_18,43
party_list_30_10_19,46
party_list_30_10_20,26
party_list_30_10_21,104
party_list_30_10_22,36
party_list_30_10_23,60
party_list_30_10_24,65
party_list_30_10_25,27
party_list_30_10_26,67
party_list_30_10_27,2849
party_list_30_10_28,135
party_list_30_10_29,492
party_list_30_10_30,148
party_list_30_10_31,298
party_list_30_10_32,244
party_list_30_10_33,145
party_list_30_10_34,202
party_list_30_10_35,192
party_list_30_10_36,316
party_list_30_10_37,28421
party_list_30_10_38,278
party_list_30_10_39,63
party_list_30_10_40,90
party_list_30_10_41,33
party_list_30_10_42,170
party_list_30_10_43,197
party_list_30_10_44,1239
party_list_30_10_45,73
party_list_30_10_46,26222
party_list_30_10_47,239
party_list_30_10_48,305
party_list_30_10_49,193
party_list_30_10_50,14
party_list_30_10_51,71
party_list_30_10_52,26
party_list_30_10_53,14
party_list_30_10_54,41
party_list_30_10_55,26
party_list_30_10_56,36
party_list_30_11_1,428
party_list_30_11_2,2099
party_list_30_11_3,4060
party_list_30_11_4,648
party_list_30_11_5,952
party_list_30_11_6,1417
party_list_30_11_7,170
party_list_30_11_8,449
party_list_30_11_9,27538
party_list_30_11_10,498
party_list_30_11_11,6096
party_list_30_11_12,498
party_list_30_11_13,597
party_list_30_11_14,62
party_list_30_11_15,81
party_list_30_11_16,199
party_list_30_11_17,146
party_list_30_11_18,26
party_list_30_11_19,50
party_list_30_11_20,35
party_list_30_11_21,311
party_list_30_11_22,36
party_list_30_11_23,52
party_list_30_11_24,58
party_list_30_11_25,30
party_list_30_11_26,65
party_list_30_11_27,2134
party_list_30_11_28,111
party_list_30_11_29,328
party_list_30_11_30,138
party_list_30_11_31,182
party_list_30_11_32,258
party_list_30_11_33,160
party_list_30_11_34,132
party_list_30_11_35,100
party_list_30_11_36,117
party_list_30_11_37,11494
party_list_30_11_38,422
party_list_30_11_39,81
party_list_30_11_40,80
party_list_30_11_41,31
party_list_30_11_42,239
party_list_30_11_43,143
party_list_30_11_44,74
party_list_30_11_45,106
party_list_30_11_46,20978
party_list_30_11_47,138
party_list_30_11_48,369
party_list_30_11_49,170
party_list_30_11_50,0
party_list_30_11_51,46
party_list_30_11_52,12
party_list_30_11_53,0
party_list_30_11_54,38
party_list_30_11_55,19
party_list_30_11_56,44
party_list_30_11_57,105
party_list_30_12_1,363
party_list_30_12_2,1907
party_list_30_12_3,2817
party_list_30_12_4,278
party_list_30_12_5,668
party_list_30_12_6,1753
party_list_30_12_7,897
party_list_30_12_8,458
party_list_30_12_9,17486
party_list_30_12_10,480
party_list_30_12_11,4900
party_list_30_12_12,388
party_list_30_12_13,593
party_list_30_12_14,86
party_list_30_12_15,225
party_list_30_12_16,228
party_list_30_12_17,177
party_list_30_12_18,36
party_list_30_12_19,31
party_list_30_12_20,25
party_list_30_12_21,79
party_list_30_12_22,46
party_list_30_12_23,58
party_list_30_12_24,84
party_list_30_12_25,36
party_list_30_12_26,112
party_list_30_12_27,2491
party_list_30_12_28,124
party_list_30_12_29,546
party_list_30_12_30,129
party_list_30_12_31,190
party_list_30_12_32,223
party_list_30_12_33,166
party_list_30_12_34,116
party_list_30_12_35,156
party_list_30_12_36,212
party_list_30_12_37,15416
party_list_30_12_38,277
party_list_30_12_39,77
party_list_30_12_40,89
party_list_30_12_41,35
party_list_30_12_42,206
party_list_30_12_43,195
party_list_30_12_44,5018
party_list_30_12_45,92
party_list_30_12_46,24403
party_list_30_12_47,162
party_list_30_12_48,394
party_list_30_12_49,214
party_list_30_12_50,10
party_list_30_12_51,47
party_list_30_12_52,11
party_list_30_12_53,16
party_list_30_12_54,47
party_list_30_12_55,38
party_list_30_12_56,36
party_list_30_12_57,83
party_list_30_13_1,511
party_list_30_13_2,1275
party_list_30_13_3,267
party_list_30_13_4,296
party_list_30_13_5,235
party_list_30_13_6,241
party_list_30_13_7,341
party_list_30_13_8,468
party_list_30_13_9,963
party_list_30_13_10,383
party_list_30_13_11,30
party_list_30_13_12,290
party_list_30_13_13,300
party_list_30_13_14,54
party_list_30_13_15,93
party_list_30_13_16,200
party_list_30_13_17,133
party_list_30_13_18,34
party_list_30_13_19,44
party_list_30_13_20,39
party_list_30_13_21,54
party_list_30_13_22,20
party_list_30_13_23,33
party_list_30_13_24,58
party_list_30_13_25,30
party_list_30_13_26,119
party_list_30_13_27,423
party_list_30_13_28,143
party_list_30_13_29,431
party_list_30_13_30,133
party_list_30_13_31,143
party_list_30_13_32,99
party_list_30_13_33,128
party_list_30_13_34,254
party_list_30_13_35,353
party_list_30_13_36,199
party_list_30_13_37,415
party_list_30_13_38,264
party_list_30_13_39,0
party_list_30_13_40,0
party_list_30_13_41,0
party_list_30_13_42,0
party_list_30_13_43,0
party_list_30_13_44,0
party_list_30_13_45,0
party_list_30_13_46,0
party_list_30_13_47,0
party_list_30_13_48,48
party_list_30_13_49,60
party_list_30_13_50,73
party_list_30_13_51,124
party_list_30_13_52,225
party_list_30_13_53,192
party_list_30_13_54,64
party_list_30_13_55,462
party_list_30_13_56,149
party_list_30_14_1,767
party_list_30_14_2,1377
party_list_30_14_3,540
party_list_30_14_4,1363
party_list_30_14_5,624
party_list_30_14_6,2173
party_list_30_14_7,106
party_list_30_14_8,394
party_list_30_14_9,12276
party_list_30_14_10,422
party_list_30_14_11,3700
party_list_30_14_12,341
party_list_30_14_13,576
party_list_30_14_14,51
party_list_30_14_15,101
party_list_30_14_16,216
party_list_30_14_17,119
party_list_30_14_18,24
party_list_30_14_19,30
party_list_30_14_20,22
party_list_30_14_21,51
party_list_30_14_22,31
party_list_30_14_23,52
party_list_30_14_24,54
party_list_30_14_25,15
party_list_30_14_26,76
party_list_30_14_27,2935
party_list_30_14_28,140
party_list_30_14_29,651
party_list_30_14_30,139
party_list_30_14_31,99
party_list_30_14_32,83
party_list_30_14_33,179
party_list_30_14_34,150
party_list_30_14_35,106
party_list_30_14_36,117
party_list_30_14_37,13130
party_list_30_14_38,131
party_list_30_14_39,54
party_list_30_14_40,41
party_list_30_14_41,28
party_list_30_14_42,97
party_list_30_14_43,155
party_list_30_14_44,1718
party_list_30_14_45,67
party_list_30_14_46,29452
party_list_30_14_47,127
party_list_30_14_48,378
party_list_30_14_49,223
party_list_30_14_50,0
party_list_30_14_51,63
party_list_30_14_52,14
party_list_30_14_53,0
party_list_30_14_54,20
party_list_30_14_55,17
party_list_30_14_56,27
party_list_30_14_57,56
party_list_30_15_1,1837
party_list_30_15_2,4281
party_list_30_15_3,466
party_list_30_15_4,500
party_list_30_15_5,3653
party_list_30_15_6,1234
party_list_30_15_7,146
party_list_30_15_8,470
party_list_30_15_9,23134
party_list_30_15_10,546
party_list_30_15_11,4239
party_list_30_15_12,548
party_list_30_15_13,680
party_list_30_15_14,102
party_list_30_15_15,145
party_list_30_15_16,292
party_list_30_15_17,179
party_list_30_15_18,40
party_list_30_15_19,56
party_list_30_15_20,36
party_list_30_15_21,69
party_list_30_15_22,54
party_list_30_15_23,60
party_list_30_15_24,186
party_list_30_15_25,34
party_list_30_15_26,87
party_list_30_15_27,2391
party_list_30_15_28,153
party_list_30_15_29,328
party_list_30_15_30,224
party_list_30_15_31,323
party_list_30_15_32,174
party_list_30_15_33,117
party_list_30_15_34,299
party_list_30_15_35,146
party_list_30_15_36,225
party_list_30_15_37,13578
party_list_30_15_38,388
party_list_30_15_39,118
party_list_30_15_40,107
party_list_30_15_41,70
party_list_30_15_42,3424
party_list_30_15_43,242
party_list_30_15_44,1473
party_list_30_15_45,109
party_list_30_15_46,24078
party_list_30_15_47,161
party_list_30_15_48,321
party_list_30_15_49,255
party_list_30_15_50,13
party_list_30_15_51,60
party_list_30_15_52,22
party_list_30_15_53,19
party_list_30_15_54,30
party_list_30_15_55,27
party_list_30_15_56,33
party_list_30_15_57,90
party_list_30_16_1,326
party_list_30_16_2,4759
party_list_30_16_3,0
party_list_30_16_4,0
party_list_30_16_5,0
party_list_30_16_6,0
party_list_30_16_7,0
party_list_30_16_8,0
party_list_30_16_9,0
party_list_30_16_10,0
party_list_30_16_11,0
party_list_30_16_12,0
party_list_30_16_13,0
party_list_30_16_14,0
party_list_30_16_15,0
party_list_30_16_16,0
party_list_30_16_17,0
party_list_30_16_18,0
party_list_30_16_19,0
party_list_30_16_20,0
party_list_30_16_21,0
party_list_30_16_22,0
party_list_30_16_23,0
party_list_30_16_24,0
party_list_30_16_25,0
party_list_30_16_26,0
party_list_30_16_27,0
party_list_30_16_28,0
party_list_30_16_29,0
party_list_30_16_30,0
party_list_30_16_31,0
party_list_30_16_32,0
party_list_30_16_33,0
party_list_30_16_34,0
party_list_30_16_35,125
party_list_30_16_36,142
party_list_30_16_37,17651
party_list_30_16_38,391
party_list_30_16_39,68
party_list_30_16_40,115
party_list_30_16_41,18
party_list_30_16_42,201
party_list_30_16_43,405
party_list_30_16_44,1882
party_list_30_16_45,105
party_list_30_16_46,20331
party_list_30_16_47,102
party_list_30_16_48,371
party_list_30_16_49,161
party_list_30_16_50,0
party_list_30_16_51,45
party_list_30_16_52,35
party_list_30_16_53,16
party_list_30_16_54,35
party_list_30_16_55,17
party_list_30_16_56,41
party_list_30_16_57,59
party_list_30_2_1,173
party_list_30_2_2,1336
party_list_30_2_3,214
party_list_30_2_4,110
party_list_30_2_5,388
party_list_30_2_6,2313
party_list_30_2_7,491
party_list_30_2_8,2444
party_list_30_2_9,16583
party_list_30_2_10,468
party_list_30_2_11,4375
party_list_30_2_12,523
party_list_30_2_13,629
party_list_30_2_14,57
party_list_30_2_15,139
party_list_30_2_16,189
party_list_30_2_17,96
party_list_30_2_18,39
party_list_30_2_19,38
party_list_30_2_20,30
party_list_30_2_21,77
party_list_30_2_22,31
party_list_30_2_23,35
party_list_30_2_24,49
party_list_30_2_25,15
party_list_30_2_26,48
party_list_30_2_27,2838
party_list_30_2_28,149
party_list_30_2_29,879
party_list_30_2_30,80
party_list_30_2_31,97
party_list_30_2_32,95
party_list_30_2_33,124
party_list_30_2_34,65
party_list_30_2_35,176
party_list_30_2_36,156
party_list_30_2_37,14891
party_list_30_2_38,187
party_list_30_2_39,65
party_list_30_2_40,41
party_list_30_2_41,25
party_list_30_2_42,133
party_list_30_2_43,202
party_list_30_2_44,3306
party_list_30_2_45,55
party_list_30_2_46,41053
party_list_30_2_47,232
party_list_30_2_48,507
party_list_30_2_49,413
party_list_30_2_50,0
party_list_30_2_51,46
party_list_30_2_52,17
party_list_30_2_53,10
party_list_30_2_54,25
party_list_30_2_55,16
party_list_30_2_56,32
party_list_30_2_57,61
party_list_30_3_1,244
party_list_30_3_2,1650
party_list_30_3_3,2991
party_list_30_3_4,216
party_list_30_3_5,947
party_list_30_3_6,2512
party_list_30_3_7,158
party_list_30_3_8,350
party_list_30_3_9,17187
party_list_30_3_10,464
party_list_30_3_11,4453
party_list_30_3_12,383
party_list_30_3_13,665
party_list_30_3_14,36
party_list_30_3_15,156
party_list_30_3_16,198
party_list_30_3_17,135
party_list_30_3_18,19
party_list_30_3_19,55
party_list_30_3_20,37
party_list_30_3_21,84
party_list_30_3_22,19
party_list_30_3_23,46
party_list_30_3_24,45
party_list_30_3_25,38
party_list_30_3_26,55
party_list_30_3_27,3341
party_list_30_3_28,134
party_list_30_3_29,867
party_list_30_3_30,96
party_list_30_3_31,116
party_list_30_3_32,208
party_list_30_3_33,106
party_list_30_3_34,111
party_list_30_3_35,131
party_list_30_3_36,127
party_list_30_3_37,14485
party_list_30_3_38,233
party_list_30_3_39,53
party_list_30_3_40,54
party_list_30_3_41,19
party_list_30_3_42,170
party_list_30_3_43,218
party_list_30_3_44,617
party_list_30_3_45,110
party_list_30_3_46,38269
party_list_30_3_47,121
party_list_30_3_48,454
party_list_30_3_49,349
party_list_30_3_50,0
party_list_30_3_51,56
party_list_30_3_52,16
party_list_30_3_53,16
party_list_30_3_54,33
party_list_30_3_55,30
party_list_30_3_56,52
party_list_30_3_57,58
party_list_30_4_1,420
party_list_30_4_2,1853
party_list_30_4_3,1085
party_list_30_4_4,2642
party_list_30_4_5,1924
party_list_30_4_6,1981
party_list_30_4_7,134
party_list_30_4_8,388
party_list_30_4_9,17928
party_list_30_4_10,541
party_list_30_4_11,4237
party_list_30_4_12,391
party_list_30_4_13,656
party_list_30_4_14,98
party_list_30_4_15,142
party_list_30_4_16,225
party_list_30_4_17,131
party_list_30_4_18,33
party_list_30_4_19,51
party_list_30_4_20,39
party_list_30_4_21,101
party_list_30_4_22,36
party_list_30_4_23,92
party_list_30_4_24,52
party_list_30_4_25,25
party_list_30_4_26,54
party_list_30_4_27,2809
party_list_30_4_28,115
party_list_30_4_29,458
party_list_30_4_30,149
party_list_30_4_31,152
party_list_30_4_32,142
party_list_30_4_33,286
party_list_30_4_34,244
party_list_30_4_35,233
party_list_30_4_36,181
party_list_30_4_37,13513
party_list_30_4_38,264
party_list_30_4_39,55
party_list_30_4_40,58
party_list_30_4_41,26
party_list_30_4_42,152
party_list_30_4_43,234
party_list_30_4_44,2054
party_list_30_4_45,101
party_list_30_4_46,27663
party_list_30_4_47,127
party_list_30_4_48,365
party_list_30_4_49,239
party_list_30_4_50,16
party_list_30_4_51,59
party_list_30_4_52,19
party_list_30_4_53,21
party_list_30_4_54,24
party_list_30_4_55,23
party_list_30_4_56,43
party_list_30_4_57,111
party_list_30_4_58,0
party_list_30_5_1,3264
party_list_30_5_2,2075
party_list_30_5_3,297
party_list_30_5_4,341
party_list_30_5_5,617
party_list_30_5_6,0
party_list_30_5_7,0
party_list_30_5_8,0
party_list_30_5_9,0
party_list_30_5_10,0
party_list_30_5_11,0
party_list_30_5_12,0
party_list_30_5_13,0
party_list_30_5_14,0
party_list_30_5_15,0
party_list_30_5_16,0
party_list_30_5_17,0
party_list_30_5_18,0
party_list_30_5_19,0
party_list_30_5_20,0
party_list_30_5_21,0
party_list_30_5_22,0
party_list_30_5_23,0
party_list_30_5_24,0
party_list_30_5_25,0
party_list_30_5_26,0
party_list_30_5_27,0
party_list_30_5_28,0
party_list_30_5_29,0
party_list_30_5_30,0
party_list_30_5_31,0
party_list_30_5_32,0
party_list_30_5_33,0
party_list_30_5_34,0
party_list_30_5_35,0
party_list_30_5_36,0
party_list_30_5_37,0
party_list_30_5_38,0
party_list_30_5_39,0
party_list_30_5_40,0
party_list_30_5_41,0
party_list_30_5_42,115
party_list_30_5_43,175
party_list_30_5_44,455
party_list_30_5_45,54
party_list_30_5_46,22017
party_list_30_5_47,156
party_list_30_5_48,297
party_list_30_5_49,178
party_list_30_5_50,0
party_list_30_5_51,56
party_list_30_5_52,25
party_list_30_5_53,18
party_list_30_5_54,36
party_list_30_5_55,27
party_list_30_5_56,36
party_list_30_5_57,87
party_list_30_6_1,2291
party_list_30_6_2,1514
party_list_30_6_3,274
party_list_30_6_4,1134
party_list_30_6_5,594
party_list_30_6_6,2762
party_list_30_6_7,210
party_list_30_6_8,594
party_list_30_6_9,21489
party_list_30_6_10,309
party_list_30_6_11,3600
party_list_30_6_12,342
party_list_30_6_13,461
party_list_30_6_14,57
party_list_30_6_15,88
party_list_30_6_16,258
party_list_30_6_17,114
party_list_30_6_18,30
party_list_30_6_19,39
party_list_30_6_20,19
party_list_30_6_21,45
party_list_30_6_22,24
party_list_30_6_23,59
party_list_30_6_24,73
party_list_30_6_25,30
party_list_30_6_26,64
party_list_30_6_27,1910
party_list_30_6_28,117
party_list_30_6_29,398
party_list_30_6_30,289
party_list_30_6_31,231
party_list_30_6_32,150
party_list_30_6_33,148
party_list_30_6_34,219
party_list_30_6_35,188
party_list_30_6_36,245
party_list_30_6_37,14801
party_list_30_6_38,344
party_list_30_6_39,47
party_list_30_6_40,90
party_list_30_6_41,31
party_list_30_6_42,1314
party_list_30_6_43,476
party_list_30_6_44,859
party_list_30_6_45,61
party_list_30_6_46,19790
party_list_30_6_47,145
party_list_30_6_48,548
party_list_30_6_49,146
party_list_30_6_50,0
party_list_30_6_51,43
party_list_30_6_52,0
party_list_30_6_53,0
party_list_30_6_54,19
party_list_30_6_55,18
party_list_30_6_56,60
party_list_30_6_57,59
party_list_30_7_1,333
party_list_30_7_2,4430
party_list_30_7_3,278
party_list_30_7_4,1047
party_list_30_7_5,506
party_list_30_7_6,1441
party_list_30_7_7,94
party_list_30_7_8,337
party_list_30_7_9,23996
party_list_30_7_10,264
party_list_30_7_11,3955
party_list_30_7_12,286
party_list_30_7_13,428
party_list_30_7_14,57
party_list_30_7_15,60
party_list_30_7_16,228
party_list_30_7_17,121
party_list_30_7_18,20
party_list_30_7_19,130
party_list_30_7_20,21
party_list_30_7_21,43
party_list_30_7_22,32
party_list_30_7_23,42
party_list_30_7_24,57
party_list_30_7_25,23
party_list_30_7_26,91
party_list_30_7_27,1290
party_list_30_7_28,95
party_list_30_7_29,303
party_list_30_7_30,120
party_list_30_7_31,340
party_list_30_7_32,117
party_list_30_7_33,158
party_list_30_7_34,121
party_list_30_7_35,130
party_list_30_7_36,490
party_list_30_7_37,12957
party_list_30_7_38,442
party_list_30_7_39,66
party_list_30_7_40,83
party_list_30_7_41,27
party_list_30_7_42,119
party_list_30_7_43,115
party_list_30_7_44,32
party_list_30_7_45,46
party_list_30_7_46,19324
party_list_30_7_47,108
party_list_30_7_48,415
party_list_30_7_49,184
party_list_30_7_50,0
party_list_30_7_51,37
party_list_30_7_52,18
party_list_30_7_53,15
party_list_30_7_54,0
party_list_30_7_55,20
party_list_30_7_56,21
party_list_30_7_57,61
party_list_30_8_1,3292
party_list_30_8_2,1992
party_list_30_8_3,291
party_list_30_8_4,674
party_list_30_8_5,846
party_list_30_8_6,1546
party_list_30_8_7,70
party_list_30_8_8,432
party_list_30_8_9,25325
party_list_30_8_10,379
party_list_30_8_11,4098
party_list_30_8_12,268
party_list_30_8_13,528
party_list_30_8_14,41
party_list_30_8_15,48
party_list_30_8_16,186
party_list_30_8_17,102
party_list_30_8_18,17
party_list_30_8_19,44
party_list_30_8_20,34
party_list_30_8_21,39
party_list_30_8_22,34
party_list_30_8_23,40
party_list_30_8_24,41
party_list_30_8_25,33
party_list_30_8_26,55
party_list_30_8_27,2744
party_list_30_8_28,91
party_list_30_8_29,515
party_list_30_8_30,356
party_list_30_8_31,187
party_list_30_8_32,80
party_list_30_8_33,131
party_list_30_8_34,124
party_list_30_8_35,95
party_list_30_8_36,107
party_list_30_8_37,13529
party_list_30_8_38,488
party_list_30_8_39,77
party_list_30_8_40,59
party_list_30_8_41,22
party_list_30_8_42,98
party_list_30_8_43,148
party_list_30_8_44,342
party_list_30_8_45,90
party_list_30_8_46,20201
party_list_30_8_47,104
party_list_30_8_48,298
party_list_30_8_49,153
party_list_30_8_50,0
party_list_30_8_51,27
party_list_30_8_52,19
party_list_30_8_53,11
party_list_30_8_54,23
party_list_30_8_55,20
party_list_30_8_56,34
party_list_30_8_57,75
party_list_30_9_1,418
party_list_30_9_2,1484
party_list_30_9_3,2622
party_list_30_9_4,453
party_list_30_9_5,1124
party_list_30_9_6,3334
party_list_30_9_7,156
party_list_30_9_8,526
party_list_30_9_9,12957
party_list_30_9_10,328
party_list_30_9_11,4094
party_list_30_9_12,422
party_list_30_9_13,651
party_list_30_9_14,64
party_list_30_9_15,72
party_list_30_9_16,256
party_list_30_9_17,144
party_list_30_9_18,24
party_list_30_9_19,35
party_list_30_9_20,50
party_list_30_9_21,56
party_list_30_9_22,39
party_list_30_9_23,76
party_list_30_9_24,112
party_list_30_9_25,48
party_list_30_9_26,97
party_list_30_9_27,2105
party_list_30_9_28,131
party_list_30_9_29,415
party_list_30_9_30,157
party_list_30_9_31,237
party_list_30_9_32,299
party_list_30_9_33,183
party_list_30_9_34,184
party_list_30_9_35,286
party_list_30_9_36,303
party_list_30_9_37,26202
party_list_30_9_38,312
party_list_30_9_39,71
party_list_30_9_40,115
party_list_30_9_41,45
party_list_30_9_42,3030
party_list_30_9_43,168
party_list_30_9_44,48
party_list_30_9_45,112
party_list_30_9_46,20305
party_list_30_9_47,178
party_list_30_9_48,356
party_list_30_9_49,194
party_list_30_9_50,0
party_list_30_9_51,53
party_list_30_9_52,18
party_list_30_9_53,17
party_list_30_9_54,25
party_list_30_9_55,17
party_list_30_9_56,44
party_list_30_9_57,94
party_list_31_1_1,137
party_list_31_1_2,534
party_list_31_1_3,349
party_list_31_1_4,91
party_list_31_1_5,1967
party_list_31_1_6,632
party_list_31_1_7,88
party_list_31_1_8,646
party_list_31_1_9,4980
party_list_31_1_10,202
party_list_31_1_11,1607
party_list_31_1_12,164
party_list_31_1_13,234
party_list_31_1_14,23
party_list_31_1_15,49
party_list_31_1_16,83
party_list_31_1_17,109
party_list_31_1_18,17
party_list_31_1_19,19
party_list_31_1_20,17
party_list_31_1_21,30
party_list_31_1_22,78
party_list_31_1_23,52
party_list_31_1_24,20
party_list_31_1_25,33
party_list_31_1_26,34
party_list_31_1_27,1114
party_list_31_1_28,49
party_list_31_1_29,397
party_list_31_1_30,81
party_list_31_1_31,188
party_list_31_1_32,99
party_list_31_1_33,68
party_list_31_1_34,237
party_list_31_1_35,300
party_list_31_1_36,192
party_list_31_1_37,47958
party_list_31_1_38,168
party_list_31_1_39,43
party_list_31_1_40,26
party_list_31_1_41,16
party_list_31_1_42,58
party_list_31_1_43,68
party_list_31_1_44,39
party_list_31_1_45,88
party_list_31_1_46,16650
party_list_31_1_47,124
party_list_31_1_48,168
party_list_31_1_49,125
party_list_31_1_50,13
party_list_31_1_51,30
party_list_31_1_52,11
party_list_31_1_53,0
party_list_31_1_54,0
party_list_31_1_55,19
party_list_31_1_56,22
party_list_31_1_57,83
party_list_31_10_1,386
party_list_31_10_2,2758
party_list_31_10_3,237
party_list_31_10_4,85
party_list_31_10_5,289
party_list_31_10_6,598
party_list_31_10_7,169
party_list_31_10_8,625
party_list_31_10_9,4641
party_list_31_10_10,192
party_list_31_10_11,2087
party_list_31_10_12,211
party_list_31_10_13,190
party_list_31_10_14,15
party_list_31_10_15,37
party_list_31_10_16,77
party_list_31_10_17,92
party_list_31_10_18,22
party_list_31_10_19,28
party_list_31_10_20,22
party_list_31_10_21,51
party_list_31_10_22,112
party_list_31_10_23,87
party_list_31_10_24,27
party_list_31_10_25,13
party_list_31_10_26,29
party_list_31_10_27,1743
party_list_31_10_28,53
party_list_31_10_29,216
party_list_31_10_30,127
party_list_31_10_31,340
party_list_31_10_32,211
party_list_31_10_33,83
party_list_31_10_34,95
party_list_31_10_35,84
party_list_31_10_36,392
party_list_31_10_37,40255
party_list_31_10_38,170
party_list_31_10_39,42
party_list_31_10_40,38
party_list_31_10_41,15
party_list_31_10_42,56
party_list_31_10_43,48
party_list_31_10_44,16
party_list_31_10_45,22
party_list_31_10_46,12025
party_list_31_10_47,121
party_list_31_10_48,131
party_list_31_10_49,67
party_list_31_10_50,0
party_list_31_10_51,24
party_list_31_10_52,16
party_list_31_10_53,12
party_list_31_10_54,14
party_list_31_10_55,16
party_list_31_10_56,39
party_list_31_10_57,50
party_list_31_2_1,173
party_list_31_2_2,576
party_list_31_2_3,321
party_list_31_2_4,110
party_list_31_2_5,2300
party_list_31_2_6,595
party_list_31_2_7,105
party_list_31_2_8,655
party_list_31_2_9,4714
party_list_31_2_10,187
party_list_31_2_11,1609
party_list_31_2_12,169
party_list_31_2_13,281
party_list_31_2_14,28
party_list_31_2_15,52
party_list_31_2_16,92
party_list_31_2_17,107
party_list_31_2_18,21
party_list_31_2_19,16
party_list_31_2_20,16
party_list_31_2_21,37
party_list_31_2_22,280
party_list_31_2_23,73
party_list_31_2_24,45
party_list_31_2_25,38
party_list_31_2_26,45
party_list_31_2_27,1006
party_list_31_2_28,51
party_list_31_2_29,269
party_list_31_2_30,111
party_list_31_2_31,244
party_list_31_2_32,123
party_list_31_2_33,88
party_list_31_2_34,199
party_list_31_2_35,356
party_list_31_2_36,319
party_list_31_2_37,45437
party_list_31_2_38,178
party_list_31_2_39,53
party_list_31_2_40,36
party_list_31_2_41,21
party_list_31_2_42,83
party_list_31_2_43,66
party_list_31_2_44,27
party_list_31_2_45,64
party_list_31_2_46,13822
party_list_31_2_47,107
party_list_31_2_48,167
party_list_31_2_49,92
party_list_31_2_50,0
party_list_31_2_51,24
party_list_31_2_52,14
party_list_31_2_53,17
party_list_31_2_54,10
party_list_31_2_55,15
party_list_31_2_56,28
party_list_31_2_57,92
party_list_31_3_1,1984
party_list_31_3_2,538
party_list_31_3_3,177
party_list_31_3_4,59
party_list_31_3_5,373
party_list_31_3_6,650
party_list_31_3_7,100
party_list_31_3_8,602
party_list_31_3_9,4805
party_list_31_3_10,158
party_list_31_3_11,1276
party_list_31_3_12,115
party_list_31_3_13,237
party_list_31_3_14,24
party_list_31_3_15,35
party_list_31_3_16,81
party_list_31_3_17,167
party_list_31_3_18,17
party_list_31_3_19,17
party_list_31_3_20,13
party_list_31_3_21,32
party_list_31_3_22,43
party_list_31_3_23,52
party_list_31_3_24,25
party_list_31_3_25,18
party_list_31_3_26,48
party_list_31_3_27,858
party_list_31_3_28,76
party_list_31_3_29,163
party_list_31_3_30,314
party_list_31_3_31,305
party_list_31_3_32,112
party_list_31_3_33,73
party_list_31_3_34,100
party_list_31_3_35,127
party_list_31_3_36,213
party_list_31_3_37,44617
party_list_31_3_38,200
party_list_31_3_39,46
party_list_31_3_40,33
party_list_31_3_41,18
party_list_31_3_42,85
party_list_31_3_43,41
party_list_31_3_44,14
party_list_31_3_45,55
party_list_31_3_46,13202
party_list_31_3_47,156
party_list_31_3_48,117
party_list_31_3_49,78
party_list_31_3_50,0
party_list_31_3_51,29
party_list_31_3_52,10
party_list_31_3_53,0
party_list_31_3_54,18
party_list_31_3_55,11
party_list_31_3_56,55
party_list_31_3_57,51
party_list_31_4_1,268
party_list_31_4_2,1156
party_list_31_4_3,2680
party_list_31_4_4,173
party_list_31_4_5,728
party_list_31_4_6,720
party_list_31_4_7,156
party_list_31_4_8,515
party_list_31_4_9,7364
party_list_31_4_10,194
party_list_31_4_11,1881
party_list_31_4_12,198
party_list_31_4_13,382
party_list_31_4_14,23
party_list_31_4_15,45
party_list_31_4_16,128
party_list_31_4_17,118
party_list_31_4_18,15
party_list_31_4_19,14
party_list_31_4_20,17
party_list_31_4_21,45
party_list_31_4_22,33
party_list_31_4_23,98
party_list_31_4_24,37
party_list_31_4_25,22
party_list_31_4_26,55
party_list_31_4_27,1405
party_list_31_4_28,68
party_list_31_4_29,183
party_list_31_4_30,104
party_list_31_4_31,265
party_list_31_4_32,279
party_list_31_4_33,138
party_list_31_4_34,145
party_list_31_4_35,107
party_list_31_4_36,225
party_list_31_4_37,35215
party_list_31_4_38,218
party_list_31_4_39,47
party_list_31_4_40,33
party_list_31_4_41,20
party_list_31_4_42,87
party_list_31_4_43,96
party_list_31_4_44,20
party_list_31_4_45,104
party_list_31_4_46,13215
party_list_31_4_47,80
party_list_31_4_48,204
party_list_31_4_49,66
party_list_31_4_50,0
party_list_31_4_51,33
party_list_31_4_52,15
party_list_31_4_53,0
party_list_31_4_54,18
party_list_31_4_55,13
party_list_31_4_56,66
party_list_31_4_57,47
party_list_31_5_1,663
party_list_31_5_2,728
party_list_31_5_3,203
party_list_31_5_4,285
party_list_31_5_5,427
party_list_31_5_6,2334
party_list_31_5_7,130
party_list_31_5_8,649
party_list_31_5_9,8952
party_list_31_5_10,173
party_list_31_5_11,1786
party_list_31_5_12,210
party_list_31_5_13,272
party_list_31_5_14,42
party_list_31_5_15,42
party_list_31_5_16,166
party_list_31_5_17,115
party_list_31_5_18,22
party_list_31_5_19,18
party_list_31_5_20,20
party_list_31_5_21,30
party_list_31_5_22,28
party_list_31_5_23,55
party_list_31_5_24,39
party_list_31_5_25,18
party_list_31_5_26,73
party_list_31_5_27,1480
party_list_31_5_28,77
party_list_31_5_29,185
party_list_31_5_30,163
party_list_31_5_31,193
party_list_31_5_32,117
party_list_31_5_33,109
party_list_31_5_34,139
party_list_31_5_35,253
party_list_31_5_36,708
party_list_31_5_37,40093
party_list_31_5_38,252
party_list_31_5_39,35
party_list_31_5_40,45
party_list_31_5_41,10
party_list_31_5_42,70
party_list_31_5_43,86
party_list_31_5_44,42
party_list_31_5_45,58
party_list_31_5_46,14597
party_list_31_5_47,102
party_list_31_5_48,366
party_list_31_5_49,107
party_list_31_5_50,0
party_list_31_5_51,29
party_list_31_5_52,13
party_list_31_5_53,15
party_list_31_5_54,11
party_list_31_5_55,19
party_list_31_5_56,37
party_list_31_5_57,53
party_list_31_6_1,636
party_list_31_6_2,1026
party_list_31_6_3,223
party_list_31_6_4,1538
party_list_31_6_5,463
party_list_31_6_6,626
party_list_31_6_7,97
party_list_31_6_8,639
party_list_31_6_9,6726
party_list_31_6_10,240
party_list_31_6_11,2001
party_list_31_6_12,199
party_list_31_6_13,297
party_list_31_6_14,60
party_list_31_6_15,54
party_list_31_6_16,117
party_list_31_6_17,141
party_list_31_6_18,24
party_list_31_6_19,21
party_list_31_6_20,19
party_list_31_6_21,60
party_list_31_6_22,22
party_list_31_6_23,35
party_list_31_6_24,53
party_list_31_6_25,20
party_list_31_6_26,50
party_list_31_6_27,1191
party_list_31_6_28,56
party_list_31_6_29,219
party_list_31_6_30,126
party_list_31_6_31,249
party_list_31_6_32,137
party_list_31_6_33,236
party_list_31_6_34,313
party_list_31_6_35,91
party_list_31_6_36,208
party_list_31_6_37,41500
party_list_31_6_38,243
party_list_31_6_39,53
party_list_31_6_40,52
party_list_31_6_41,28
party_list_31_6_42,113
party_list_31_6_43,100
party_list_31_6_44,28
party_list_31_6_45,51
party_list_31_6_46,13468
party_list_31_6_47,164
party_list_31_6_48,299
party_list_31_6_49,98
party_list_31_6_50,0
party_list_31_6_51,36
party_list_31_6_52,10
party_list_31_6_53,10
party_list_31_6_54,13
party_list_31_6_55,19
party_list_31_6_56,35
party_list_31_6_57,66
party_list_31_7_1,331
party_list_31_7_2,687
party_list_31_7_3,934
party_list_31_7_4,115
party_list_31_7_5,2574
party_list_31_7_6,695
party_list_31_7_7,107
party_list_31_7_8,575
party_list_31_7_9,10612
party_list_31_7_10,204
party_list_31_7_11,2518
party_list_31_7_12,178
party_list_31_7_13,292
party_list_31_7_14,27
party_list_31_7_15,57
party_list_31_7_16,138
party_list_31_7_17,128
party_list_31_7_18,22
party_list_31_7_19,26
party_list_31_7_20,16
party_list_31_7_21,30
party_list_31_7_22,29
party_list_31_7_23,63
party_list_31_7_24,41
party_list_31_7_25,29
party_list_31_7_26,29
party_list_31_7_27,882
party_list_31_7_28,76
party_list_31_7_29,162
party_list_31_7_30,101
party_list_31_7_31,285
party_list_31_7_32,156
party_list_31_7_33,94
party_list_31_7_34,274
party_list_31_7_35,274
party_list_31_7_36,208
party_list_31_7_37,36407
party_list_31_7_38,292
party_list_31_7_39,55
party_list_31_7_40,53
party_list_31_7_41,75
party_list_31_7_42,68
party_list_31_7_43,62
party_list_31_7_44,24
party_list_31_7_45,57
party_list_31_7_46,13949
party_list_31_7_47,134
party_list_31_7_48,200
party_list_31_7_49,76
party_list_31_7_50,13
party_list_31_7_51,32
party_list_31_7_52,19
party_list_31_7_53,16
party_list_31_7_54,14
party_list_31_7_55,15
party_list_31_7_56,27
party_list_31_7_57,82
party_list_31_8_1,465
party_list_31_8_2,740
party_list_31_8_3,202
party_list_31_8_4,151
party_list_31_8_5,3011
party_list_31_8_6,844
party_list_31_8_7,328
party_list_31_8_8,661
party_list_31_8_9,7277
party_list_31_8_10,279
party_list_31_8_11,2896
party_list_31_8_12,236
party_list_31_8_13,354
party_list_31_8_14,49
party_list_31_8_15,73
party_list_31_8_16,140
party_list_31_8_17,143
party_list_31_8_18,20
party_list_31_8_19,18
party_list_31_8_20,25
party_list_31_8_21,60
party_list_31_8_22,25
party_list_31_8_23,54
party_list_31_8_24,37
party_list_31_8_25,37
party_list_31_8_26,49
party_list_31_8_27,1451
party_list_31_8_28,76
party_list_31_8_29,266
party_list_31_8_30,109
party_list_31_8_31,263
party_list_31_8_32,126
party_list_31_8_33,87
party_list_31_8_34,264
party_list_31_8_35,334
party_list_31_8_36,225
party_list_31_8_37,39318
party_list_31_8_38,199
party_list_31_8_39,39
party_list_31_8_40,37
party_list_31_8_41,27
party_list_31_8_42,97
party_list_31_8_43,81
party_list_31_8_44,276
party_list_31_8_45,61
party_list_31_8_46,16425
party_list_31_8_47,123
party_list_31_8_48,184
party_list_31_8_49,107
party_list_31_8_50,0
party_list_31_8_51,41
party_list_31_8_52,18
party_list_31_8_53,15
party_list_31_8_54,12
party_list_31_8_55,21
party_list_31_8_56,36
party_list_31_8_57,87
party_list_31_9_1,220
party_list_31_9_2,534
party_list_31_9_3,292
party_list_31_9_4,111
party_list_31_9_5,2406
party_list_31_9_6,930
party_list_31_9_7,88
party_list_31_9_8,672
party_list_31_9_9,6089
party_list_31_9_10,270
party_list_31_9_11,3448
party_list_31_9_12,172
party_list_31_9_13,272
party_list_31_9_14,47
party_list_31_9_15,70
party_list_31_9_16,139
party_list_31_9_17,133
party_list_31_9_18,27
party_list_31_9_19,25
party_list_31_9_20,21
party_list_31_9_21,101
party_list_31_9_22,45
party_list_31_9_23,88
party_list_31_9_24,28
party_list_31_9_25,32
party_list_31_9_26,42
party_list_31_9_27,1139
party_list_31_9_28,67
party_list_31_9_29,230
party_list_31_9_30,115
party_list_31_9_31,245
party_list_31_9_32,112
party_list_31_9_33,66
party_list_31_9_34,192
party_list_31_9_35,276
party_list_31_9_36,214
party_list_31_9_37,41216
party_list_31_9_38,187
party_list_31_9_39,40
party_list_31_9_40,48
party_list_31_9_41,18
party_list_31_9_42,61
party_list_31_9_43,80
party_list_31_9_44,320
party_list_31_9_45,40
party_list_31_9_46,12065
party_list_31_9_47,106
party_list_31_9_48,155
party_list_31_9_49,83
party_list_31_9_50,0
party_list_31_9_51,27
party_list_31_9_52,12
party_list_31_9_53,25
party_list_31_9_54,11
party_list_31_9_55,19
party_list_31_9_56,29
party_list_31_9_57,87
party_list_32_1_1,707
party_list_32_1_2,724
party_list_32_1_3,307
party_list_32_1_4,155
party_list_32_1_5,2816
party_list_32_1_6,1680
party_list_32_1_7,124
party_list_32_1_8,676
party_list_32_1_9,11451
party_list_32_1_10,396
party_list_32_1_11,3716
party_list_32_1_12,435
party_list_32_1_13,369
party_list_32_1_14,40
party_list_32_1_15,68
party_list_32_1_16,124
party_list_32_1_17,99
party_list_32_1_18,27
party_list_32_1_19,25
party_list_32_1_20,20
party_list_32_1_21,81
party_list_32_1_22,37
party_list_32_1_23,69
party_list_32_1_24,40
party_list_32_1_25,39
party_list_32_1_26,43
party_list_32_1_27,2920
party_list_32_1_28,130
party_list_32_1_29,783
party_list_32_1_30,182
party_list_32_1_31,125
party_list_32_1_32,117
party_list_32_1_33,66
party_list_32_1_34,224
party_list_32_1_35,250
party_list_32_1_36,145
party_list_32_1_37,30151
party_list_32_1_38,217
party_list_32_1_39,77
party_list_32_1_40,46
party_list_32_1_41,39
party_list_32_1_42,273
party_list_32_1_43,147
party_list_32_1_44,43
party_list_32_1_45,55
party_list_32_1_46,25820
party_list_32_1_47,108
party_list_32_1_48,459
party_list_32_1_49,288
party_list_32_1_50,0
party_list_32_1_51,30
party_list_32_1_52,15
party_list_32_1_53,13
party_list_32_1_54,22
party_list_32_1_55,18
party_list_32_1_56,23
party_list_32_1_57,63
party_list_32_2_1,208
party_list_32_2_2,872
party_list_32_2_3,463
party_list_32_2_4,131
party_list_32_2_5,1781
party_list_32_2_6,1174
party_list_32_2_7,2232
party_list_32_2_8,555
party_list_32_2_9,16500
party_list_32_2_10,407
party_list_32_2_11,3331
party_list_32_2_12,337
party_list_32_2_13,432
party_list_32_2_14,47
party_list_32_2_15,74
party_list_32_2_16,184
party_list_32_2_17,144
party_list_32_2_18,30
party_list_32_2_19,34
party_list_32_2_20,24
party_list_32_2_21,77
party_list_32_2_22,40
party_list_32_2_23,139
party_list_32_2_24,28
party_list_32_2_25,32
party_list_32_2_26,42
party_list_32_2_27,2016
party_list_32_2_28,93
party_list_32_2_29,277
party_list_32_2_30,97
party_list_32_2_31,172
party_list_32_2_32,136
party_list_32_2_33,88
party_list_32_2_34,179
party_list_32_2_35,159
party_list_32_2_36,356
party_list_32_2_37,33078
party_list_32_2_38,319
party_list_32_2_39,53
party_list_32_2_40,40
party_list_32_2_41,20
party_list_32_2_42,138
party_list_32_2_43,162
party_list_32_2_44,16
party_list_32_2_45,50
party_list_32_2_46,20648
party_list_32_2_47,233
party_list_32_2_48,320
party_list_32_2_49,153
party_list_32_2_50,11
party_list_32_2_51,33
party_list_32_2_52,14
party_list_32_2_53,11
party_list_32_2_54,15
party_list_32_2_55,15
party_list_32_2_56,38
party_list_32_2_57,69
party_list_32_3_1,601
party_list_32_3_2,1089
party_list_32_3_3,289
party_list_32_3_4,1871
party_list_32_3_5,579
party_list_32_3_6,1000
party_list_32_3_7,769
party_list_32_3_8,437
party_list_32_3_9,17479
party_list_32_3_10,436
party_list_32_3_11,2903
party_list_32_3_12,420
party_list_32_3_13,430
party_list_32_3_14,65
party_list_32_3_15,79
party_list_32_3_16,207
party_list_32_3_17,129
party_list_32_3_18,18
party_list_32_3_19,39
party_list_32_3_20,19
party_list_32_3_21,85
party_list_32_3_22,26
party_list_32_3_23,74
party_list_32_3_24,53
party_list_32_3_25,26
party_list_32_3_26,65
party_list_32_3_27,1450
party_list_32_3_28,100
party_list_32_3_29,219
party_list_32_3_30,146
party_list_32_3_31,210
party_list_32_3_32,129
party_list_32_3_33,225
party_list_32_3_34,204
party_list_32_3_35,133
party_list_32_3_36,274
party_list_32_3_37,25142
party_list_32_3_38,372
party_list_32_3_39,71
party_list_32_3_40,105
party_list_32_3_41,38
party_list_32_3_42,114
party_list_32_3_43,186
party_list_32_3_44,32
party_list_32_3_45,66
party_list_32_3_46,19444
party_list_32_3_47,203
party_list_32_3_48,410
party_list_32_3_49,116
party_list_32_3_50,12
party_list_32_3_51,35
party_list_32_3_52,20
party_list_32_3_53,12
party_list_32_3_54,34
party_list_32_3_55,20
party_list_32_3_56,45
party_list_32_3_57,82
party_list_32_4_1,1381
party_list_32_4_2,1303
party_list_32_4_3,406
party_list_32_4_4,182
party_list_32_4_5,523
party_list_32_4_6,983
party_list_32_4_7,1859
party_list_32_4_8,430
party_list_32_4_9,21779
party_list_32_4_10,336
party_list_32_4_11,2700
party_list_32_4_12,439
party_list_32_4_13,449
party_list_32_4_14,76
party_list_32_4_15,64
party_list_32_4_16,235
party_list_32_4_17,148
party_list_32_4_18,43
party_list_32_4_19,35
party_list_32_4_20,16
party_list_32_4_21,76
party_list_32_4_22,29
party_list_32_4_23,53
party_list_32_4_24,36
party_list_32_4_25,32
party_list_32_4_26,44
party_list_32_4_27,1361
party_list_32_4_28,136
party_list_32_4_29,246
party_list_32_4_30,216
party_list_32_4_31,232
party_list_32_4_32,111
party_list_32_4_33,101
party_list_32_4_34,133
party_list_32_4_35,107
party_list_32_4_36,317
party_list_32_4_37,23054
party_list_32_4_38,432
party_list_32_4_39,59
party_list_32_4_40,53
party_list_32_4_41,25
party_list_32_4_42,384
party_list_32_4_43,250
party_list_32_4_44,31
party_list_32_4_45,92
party_list_32_4_46,17793
party_list_32_4_47,134
party_list_32_4_48,418
party_list_32_4_49,218
party_list_32_4_50,11
party_list_32_4_51,36
party_list_32_4_52,23
party_list_32_4_53,13
party_list_32_4_54,28
party_list_32_4_55,17
party_list_32_4_56,40
party_list_32_4_57,66
party_list_32_5_1,1432
party_list_32_5_2,1171
party_list_32_5_3,243
party_list_32_5_4,2271
party_list_32_5_5,871
party_list_32_5_6,835
party_list_32_5_7,89
party_list_32_5_8,382
party_list_32_5_9,17292
party_list_32_5_10,283
party_list_32_5_11,2381
party_list_32_5_12,350
party_list_32_5_13,390
party_list_32_5_14,78
party_list_32_5_15,73
party_list_32_5_16,177
party_list_32_5_17,115
party_list_32_5_18,29
party_list_32_5_19,28
party_list_32_5_20,22
party_list_32_5_21,85
party_list_32_5_22,40
party_list_32_5_23,84
party_list_32_5_24,195
party_list_32_5_25,32
party_list_32_5_26,53
party_list_32_5_27,1462
party_list_32_5_28,110
party_list_32_5_29,247
party_list_32_5_30,310
party_list_32_5_31,207
party_list_32_5_32,190
party_list_32_5_33,271
party_list_32_5_34,323
party_list_32_5_35,96
party_list_32_5_36,143
party_list_32_5_37,21659
party_list_32_5_38,402
party_list_32_5_39,72
party_list_32_5_40,69
party_list_32_5_41,68
party_list_32_5_42,3407
party_list_32_5_43,157
party_list_32_5_44,171
party_list_32_5_45,82
party_list_32_5_46,17796
party_list_32_5_47,147
party_list_32_5_48,299
party_list_32_5_49,168
party_list_32_5_50,15
party_list_32_5_51,32
party_list_32_5_52,37
party_list_32_5_53,23
party_list_32_5_54,26
party_list_32_5_55,18
party_list_32_5_56,44
party_list_32_5_57,50
party_list_32_6_1,445
party_list_32_6_2,2167
party_list_32_6_3,389
party_list_32_6_4,2572
party_list_32_6_5,872
party_list_32_6_6,1060
party_list_32_6_7,141
party_list_32_6_8,531
party_list_32_6_9,14011
party_list_32_6_10,334
party_list_32_6_11,4099
party_list_32_6_12,413
party_list_32_6_13,387
party_list_32_6_14,89
party_list_32_6_15,80
party_list_32_6_16,212
party_list_32_6_17,155
party_list_32_6_18,37
party_list_32_6_19,49
party_list_32_6_20,21
party_list_32_6_21,115
party_list_32_6_22,38
party_list_32_6_23,65
party_list_32_6_24,71
party_list_32_6_25,37
party_list_32_6_26,93
party_list_32_6_27,1193
party_list_32_6_28,95
party_list_32_6_29,206
party_list_32_6_30,144
party_list_32_6_31,319
party_list_32_6_32,159
party_list_32_6_33,292
party_list_32_6_34,244
party_list_32_6_35,145
party_list_32_6_36,208
party_list_32_6_37,26445
party_list_32_6_38,332
party_list_32_6_39,77
party_list_32_6_40,87
party_list_32_6_41,40
party_list_32_6_42,166
party_list_32_6_43,108
party_list_32_6_44,71
party_list_32_6_45,69
party_list_32_6_46,16083
party_list_32_6_47,140
party_list_32_6_48,287
party_list_32_6_49,104
party_list_32_6_50,0
party_list_32_6_51,30
party_list_32_6_52,10
party_list_32_6_53,15
party_list_32_6_54,29
party_list_32_6_55,12
party_list_32_6_56,41
party_list_32_6_57,80
party_list_32_7_1,446
party_list_32_7_2,1225
party_list_32_7_3,1857
party_list_32_7_4,2344
party_list_32_7_5,591
party_list_32_7_6,1156
party_list_32_7_7,109
party_list_32_7_8,403
party_list_32_7_9,20389
party_list_32_7_10,336
party_list_32_7_11,5310
party_list_32_7_12,334
party_list_32_7_13,352
party_list_32_7_14,56
party_list_32_7_15,57
party_list_32_7_16,188
party_list_32_7_17,103
party_list_32_7_18,17
party_list_32_7_19,28
party_list_32_7_20,20
party_list_32_7_21,108
party_list_32_7_22,50
party_list_32_7_23,79
party_list_32_7_24,62
party_list_32_7_25,24
party_list_32_7_26,47
party_list_32_7_27,1496
party_list_32_7_28,76
party_list_32_7_29,279
party_list_32_7_30,121
party_list_32_7_31,169
party_list_32_7_32,214
party_list_32_7_33,270
party_list_32_7_34,189
party_list_32_7_35,119
party_list_32_7_36,153
party_list_32_7_37,27891
party_list_32_7_38,436
party_list_32_7_39,56
party_list_32_7_40,88
party_list_32_7_41,29
party_list_32_7_42,170
party_list_32_7_43,105
party_list_32_7_44,22
party_list_32_7_45,45
party_list_32_7_46,16874
party_list_32_7_47,136
party_list_32_7_48,257
party_list_32_7_49,135
party_list_32_7_50,0
party_list_32_7_51,39
party_list_32_7_52,20
party_list_32_7_53,0
party_list_32_7_54,16
party_list_32_7_55,13
party_list_32_7_56,30
party_list_32_7_57,55
party_list_32_8_1,365
party_list_32_8_2,4446
party_list_32_8_3,513
party_list_32_8_4,612
party_list_32_8_5,1017
party_list_32_8_6,1084
party_list_32_8_7,89
party_list_32_8_8,500
party_list_32_8_9,11924
party_list_32_8_10,364
party_list_32_8_11,7780
party_list_32_8_12,0
party_list_32_8_13,0
party_list_32_8_14,0
party_list_32_8_15,0
party_list_32_8_16,0
party_list_32_8_17,0
party_list_32_8_18,0
party_list_32_8_19,45
party_list_32_8_20,29
party_list_32_8_21,127
party_list_32_8_22,56
party_list_32_8_23,79
party_list_32_8_24,50
party_list_32_8_25,38
party_list_32_8_26,95
party_list_32_8_27,1369
party_list_32_8_28,81
party_list_32_8_29,309
party_list_32_8_30,146
party_list_32_8_31,507
party_list_32_8_32,236
party_list_32_8_33,140
party_list_32_8_34,162
party_list_32_8_35,121
party_list_32_8_36,217
party_list_32_8_37,26405
party_list_32_8_38,297
party_list_32_8_39,47
party_list_32_8_40,121
party_list_32_8_41,22
party_list_32_8_42,173
party_list_32_8_43,93
party_list_32_8_44,36
party_list_32_8_45,75
party_list_32_8_46,17064
party_list_32_8_47,124
party_list_32_8_48,268
party_list_32_8_49,123
party_list_32_8_50,0
party_list_32_8_51,26
party_list_32_8_52,25
party_list_32_8_53,17
party_list_32_8_54,17
party_list_32_8_55,25
party_list_32_8_56,37
party_list_32_8_57,98
party_list_33_1_1,264
party_list_33_1_2,998
party_list_33_1_3,1115
party_list_33_1_4,106
party_list_33_1_5,2222
party_list_33_1_6,1011
party_list_33_1_7,94
party_list_33_1_8,539
party_list_33_1_9,25832
party_list_33_1_10,278
party_list_33_1_11,2141
party_list_33_1_12,460
party_list_33_1_13,353
party_list_33_1_14,37
party_list_33_1_15,62
party_list_33_1_16,209
party_list_33_1_17,98
party_list_33_1_18,20
party_list_33_1_19,34
party_list_33_1_20,35
party_list_33_1_21,150
party_list_33_1_22,20
party_list_33_1_23,157
party_list_33_1_24,32
party_list_33_1_25,29
party_list_33_1_26,30
party_list_33_1_27,1518
party_list_33_1_28,79
party_list_33_1_29,405
party_list_33_1_30,73
party_list_33_1_31,186
party_list_33_1_32,175
party_list_33_1_33,83
party_list_33_1_34,195
party_list_33_1_35,216
party_list_33_1_36,152
party_list_33_1_37,29342
party_list_33_1_38,540
party_list_33_1_39,74
party_list_33_1_40,34
party_list_33_1_41,38
party_list_33_1_42,81
party_list_33_1_43,73
party_list_33_1_44,28
party_list_33_1_45,103
party_list_33_1_46,22305
party_list_33_1_47,109
party_list_33_1_48,353
party_list_33_1_49,212
party_list_33_1_50,0
party_list_33_1_51,25
party_list_33_1_52,0
party_list_33_1_53,0
party_list_33_1_54,11
party_list_33_1_55,17
party_list_33_1_56,25
party_list_33_1_57,42
party_list_33_2_1,347
party_list_33_2_2,4912
party_list_33_2_3,495
party_list_33_2_4,2107
party_list_33_2_5,634
party_list_33_2_6,792
party_list_33_2_7,94
party_list_33_2_8,431
party_list_33_2_9,25212
party_list_33_2_10,285
party_list_33_2_11,2991
party_list_33_2_12,478
party_list_33_2_13,592
party_list_33_2_14,53
party_list_33_2_15,60
party_list_33_2_16,263
party_list_33_2_17,118
party_list_33_2_18,25
party_list_33_2_19,33
party_list_33_2_20,14
party_list_33_2_21,237
party_list_33_2_22,26
party_list_33_2_23,54
party_list_33_2_24,48
party_list_33_2_25,22
party_list_33_2_26,53
party_list_33_2_27,1038
party_list_33_2_28,91
party_list_33_2_29,196
party_list_33_2_30,102
party_list_33_2_31,428
party_list_33_2_32,177
party_list_33_2_33,287
party_list_33_2_34,239
party_list_33_2_35,100
party_list_33_2_36,177
party_list_33_2_37,17903
party_list_33_2_38,481
party_list_33_2_39,61
party_list_33_2_40,70
party_list_33_2_41,26
party_list_33_2_42,192
party_list_33_2_43,107
party_list_33_2_44,31
party_list_33_2_45,72
party_list_33_2_46,16099
party_list_33_2_47,135
party_list_33_2_48,579
party_list_33_2_49,188
party_list_33_2_50,15
party_list_33_2_51,22
party_list_33_2_52,20
party_list_33_2_53,0
party_list_33_2_54,25
party_list_33_2_55,28
party_list_33_2_56,27
party_list_33_2_57,55
party_list_33_3_1,393
party_list_33_3_2,1591
party_list_33_3_3,457
party_list_33_3_4,2958
party_list_33_3_5,1490
party_list_33_3_6,816
party_list_33_3_7,344
party_list_33_3_8,510
party_list_33_3_9,17697
party_list_33_3_10,329
party_list_33_3_11,4044
party_list_33_3_12,391
party_list_33_3_13,481
party_list_33_3_14,109
party_list_33_3_15,89
party_list_33_3_16,255
party_list_33_3_17,168
party_list_33_3_18,31
party_list_33_3_19,45
party_list_33_3_20,50
party_list_33_3_21,1475
party_list_33_3_22,35
party_list_33_3_23,83
party_list_33_3_24,73
party_list_33_3_25,53
party_list_33_3_26,64
party_list_33_3_27,1522
party_list_33_3_28,89
party_list_33_3_29,236
party_list_33_3_30,179
party_list_33_3_31,272
party_list_33_3_32,161
party_list_33_3_33,362
party_list_33_3_34,230
party_list_33_3_35,126
party_list_33_3_36,359
party_list_33_3_37,20441
party_list_33_3_38,403
party_list_33_3_39,64
party_list_33_3_40,96
party_list_33_3_41,58
party_list_33_3_42,148
party_list_33_3_43,331
party_list_33_3_44,35
party_list_33_3_45,49
party_list_33_3_46,15195
party_list_33_3_47,199
party_list_33_3_48,388
party_list_33_3_49,111
party_list_33_3_50,25
party_list_33_3_51,31
party_list_33_3_52,20
party_list_33_3_53,11
party_list_33_3_54,17
party_list_33_3_55,30
party_list_33_3_56,36
party_list_33_3_57,78
party_list_33_4_1,534
party_list_33_4_2,2552
party_list_33_4_3,350
party_list_33_4_4,2403
party_list_33_4_5,646
party_list_33_4_6,1040
party_list_33_4_7,149
party_list_33_4_8,557
party_list_33_4_9,10492
party_list_33_4_10,286
party_list_33_4_11,5863
party_list_33_4_12,322
party_list_33_4_13,333
party_list_33_4_14,83
party_list_33_4_15,71
party_list_33_4_16,144
party_list_33_4_17,107
party_list_33_4_18,28
party_list_33_4_19,22
party_list_33_4_20,35
party_list_33_4_21,3126
party_list_33_4_22,61
party_list_33_4_23,73
party_list_33_4_24,129
party_list_33_4_25,39
party_list_33_4_26,58
party_list_33_4_27,1246
party_list_33_4_28,83
party_list_33_4_29,284
party_list_33_4_30,114
party_list_33_4_31,320
party_list_33_4_32,217
party_list_33_4_33,264
party_list_33_4_34,266
party_list_33_4_35,130
party_list_33_4_36,184
party_list_33_4_37,26965
party_list_33_4_38,260
party_list_33_4_39,55
party_list_33_4_40,129
party_list_33_4_41,43
party_list_33_4_42,1630
party_list_33_4_43,113
party_list_33_4_44,36
party_list_33_4_45,47
party_list_33_4_46,13876
party_list_33_4_47,145
party_list_33_4_48,300
party_list_33_4_49,107
party_list_33_4_50,27
party_list_33_4_51,44
party_list_33_4_52,15
party_list_33_4_53,14
party_list_33_4_54,17
party_list_33_4_55,17
party_list_33_4_56,38
party_list_33_4_57,50
party_list_33_5_1,295
party_list_33_5_2,1382
party_list_33_5_3,292
party_list_33_5_4,2192
party_list_33_5_5,2485
party_list_33_5_6,1123
party_list_33_5_7,163
party_list_33_5_8,584
party_list_33_5_9,19832
party_list_33_5_10,317
party_list_33_5_11,3407
party_list_33_5_12,259
party_list_33_5_13,377
party_list_33_5_14,64
party_list_33_5_15,83
party_list_33_5_16,209
party_list_33_5_17,169
party_list_33_5_18,31
party_list_33_5_19,44
party_list_33_5_20,38
party_list_33_5_21,860
party_list_33_5_22,30
party_list_33_5_23,64
party_list_33_5_24,50
party_list_33_5_25,40
party_list_33_5_26,69
party_list_33_5_27,1132
party_list_33_5_28,85
party_list_33_5_29,241
party_list_33_5_30,118
party_list_33_5_31,254
party_list_33_5_32,153
party_list_33_5_33,268
party_list_33_5_34,303
party_list_33_5_35,173
party_list_33_5_36,168
party_list_33_5_37,23418
party_list_33_5_38,389
party_list_33_5_39,59
party_list_33_5_40,65
party_list_33_5_41,28
party_list_33_5_42,134
party_list_33_5_43,78
party_list_33_5_44,25
party_list_33_5_45,39
party_list_33_5_46,16048
party_list_33_5_47,142
party_list_33_5_48,228
party_list_33_5_49,112
party_list_33_5_50,13
party_list_33_5_51,21
party_list_33_5_52,14
party_list_33_5_53,15
party_list_33_5_54,22
party_list_33_5_55,22
party_list_33_5_56,23
party_list_33_5_57,67
party_list_33_6_1,538
party_list_33_6_2,3310
party_list_33_6_3,279
party_list_33_6_4,2213
party_list_33_6_5,434
party_list_33_6_6,898
party_list_33_6_7,126
party_list_33_6_8,703
party_list_33_6_9,23357
party_list_33_6_10,258
party_list_33_6_11,2209
party_list_33_6_12,227
party_list_33_6_13,363
party_list_33_6_14,55
party_list_33_6_15,58
party_list_33_6_16,184
party_list_33_6_17,136
party_list_33_6_18,33
party_list_33_6_19,43
party_list_33_6_20,33
party_list_33_6_21,125
party_list_33_6_22,28
party_list_33_6_23,50
party_list_33_6_24,43
party_list_33_6_25,26
party_list_33_6_26,62
party_list_33_6_27,1053
party_list_33_6_28,70
party_list_33_6_29,185
party_list_33_6_30,128
party_list_33_6_31,392
party_list_33_6_32,234
party_list_33_6_33,255
party_list_33_6_34,111
party_list_33_6_35,96
party_list_33_6_36,181
party_list_33_6_37,21166
party_list_33_6_38,474
party_list_33_6_39,73
party_list_33_6_40,40
party_list_33_6_41,30
party_list_33_6_42,158
party_list_33_6_43,81
party_list_33_6_44,34
party_list_33_6_45,36
party_list_33_6_46,16674
party_list_33_6_47,107
party_list_33_6_48,182
party_list_33_6_49,149
party_list_33_6_50,0
party_list_33_6_51,20
party_list_33_6_52,15
party_list_33_6_53,0
party_list_33_6_54,16
party_list_33_6_55,15
party_list_33_6_56,25
party_list_33_6_57,48
party_list_33_7_1,2387
party_list_33_7_2,1153
party_list_33_7_3,224
party_list_33_7_4,127
party_list_33_7_5,338
party_list_33_7_6,2595
party_list_33_7_7,122
party_list_33_7_8,419
party_list_33_7_9,31498
party_list_33_7_10,286
party_list_33_7_11,1725
party_list_33_7_12,219
party_list_33_7_13,295
party_list_33_7_14,49
party_list_33_7_15,46
party_list_33_7_16,212
party_list_33_7_17,101
party_list_33_7_18,14
party_list_33_7_19,36
party_list_33_7_20,27
party_list_33_7_21,132
party_list_33_7_22,15
party_list_33_7_23,55
party_list_33_7_24,40
party_list_33_7_25,12
party_list_33_7_26,39
party_list_33_7_27,784
party_list_33_7_28,68
party_list_33_7_29,150
party_list_33_7_30,283
party_list_33_7_31,208
party_list_33_7_32,104
party_list_33_7_33,64
party_list_33_7_34,88
party_list_33_7_35,270
party_list_33_7_36,165
party_list_33_7_37,17847
party_list_33_7_38,638
party_list_33_7_39,60
party_list_33_7_40,27
party_list_33_7_41,23
party_list_33_7_42,95
party_list_33_7_43,111
party_list_33_7_44,32
party_list_33_7_45,44
party_list_33_7_46,15171
party_list_33_7_47,97
party_list_33_7_48,198
party_list_33_7_49,108
party_list_33_7_50,11
party_list_33_7_51,30
party_list_33_7_52,0
party_list_33_7_53,0
party_list_33_7_54,0
party_list_33_7_55,0
party_list_33_7_56,18
party_list_33_7_57,39
party_list_33_8_1,369
party_list_33_8_2,3054
party_list_33_8_3,260
party_list_33_8_4,570
party_list_33_8_5,367
party_list_33_8_6,677
party_list_33_8_7,88
party_list_33_8_8,548
party_list_33_8_9,19414
party_list_33_8_10,225
party_list_33_8_11,1961
party_list_33_8_12,306
party_list_33_8_13,406
party_list_33_8_14,45
party_list_33_8_15,47
party_list_33_8_16,187
party_list_33_8_17,120
party_list_33_8_18,18
party_list_33_8_19,31
party_list_33_8_20,12
party_list_33_8_21,87
party_list_33_8_22,27
party_list_33_8_23,91
party_list_33_8_24,45
party_list_33_8_25,18
party_list_33_8_26,42
party_list_33_8_27,989
party_list_33_8_28,77
party_list_33_8_29,240
party_list_33_8_30,110
party_list_33_8_31,375
party_list_33_8_32,185
party_list_33_8_33,159
party_list_33_8_34,163
party_list_33_8_35,111
party_list_33_8_36,351
party_list_33_8_37,30867
party_list_33_8_38,443
party_list_33_8_39,67
party_list_33_8_40,46
party_list_33_8_41,47
party_list_33_8_42,101
party_list_33_8_43,86
party_list_33_8_44,32
party_list_33_8_45,55
party_list_33_8_46,19149
party_list_33_8_47,158
party_list_33_8_48,350
party_list_33_8_49,166
party_list_33_8_50,14
party_list_33_8_51,31
party_list_33_8_52,10
party_list_33_8_53,12
party_list_33_8_54,15
party_list_33_8_55,13
party_list_33_8_56,24
party_list_33_8_57,50
party_list_33_9_1,535
party_list_33_9_2,4094
party_list_33_9_3,268
party_list_33_9_4,114
party_list_33_9_5,466
party_list_33_9_6,732
party_list_33_9_7,66
party_list_33_9_8,375
party_list_33_9_9,333299
party_list_33_9_10,2208
party_list_33_9_11,2050
party_list_33_9_12,329
party_list_33_9_13,405
party_list_33_9_14,138
party_list_33_9_15,48
party_list_33_9_16,309
party_list_33_9_17,112
party_list_33_9_18,24
party_list_33_9_19,29
party_list_33_9_20,22
party_list_33_9_21,107
party_list_33_9_22,26
party_list_33_9_23,44
party_list_33_9_24,72
party_list_33_9_25,26
party_list_33_9_26,56
party_list_33_9_27,1033
party_list_33_9_28,89
party_list_33_9_29,203
party_list_33_9_30,144
party_list_33_9_31,414
party_list_33_9_32,184
party_list_33_9_33,58
party_list_33_9_34,88
party_list_33_9_35,81
party_list_33_9_36,140
party_list_33_9_37,179999
party_list_33_9_38,678
party_list_33_9_39,239
party_list_33_9_40,62
party_list_33_9_41,29
party_list_33_9_42,1106
party_list_33_9_43,173
party_list_33_9_44,32
party_list_33_9_45,54
party_list_33_9_46,17898
party_list_33_9_47,123
party_list_33_9_48,374
party_list_33_9_49,147
party_list_33_9_50,0
party_list_33_9_51,42
party_list_33_9_52,14
party_list_33_9_53,15
party_list_33_9_54,23
party_list_33_9_55,20
party_list_33_9_56,13
party_list_33_9_57,50
party_list_34_1_1,299
party_list_34_1_2,3027
party_list_34_1_3,208
party_list_34_1_4,290
party_list_34_1_5,569
party_list_34_1_6,1860
party_list_34_1_7,447
party_list_34_1_8,687
party_list_34_1_9,20879
party_list_34_1_10,423
party_list_34_1_11,3396
party_list_34_1_12,510
party_list_34_1_13,400
party_list_34_1_14,23
party_list_34_1_15,57
party_list_34_1_16,149
party_list_34_1_17,64
party_list_34_1_18,22
party_list_34_1_19,50
party_list_34_1_20,69
party_list_34_1_21,2230
party_list_34_1_22,37
party_list_34_1_23,24
party_list_34_1_24,91
party_list_34_1_25,24
party_list_34_1_26,47
party_list_34_1_27,5058
party_list_34_1_28,126
party_list_34_1_29,778
party_list_34_1_30,87
party_list_34_1_31,129
party_list_34_1_32,90
party_list_34_1_33,104
party_list_34_1_34,60
party_list_34_1_35,86
party_list_34_1_36,77
party_list_34_1_37,12515
party_list_34_1_38,160
party_list_34_1_39,37
party_list_34_1_40,26
party_list_34_1_41,26
party_list_34_1_42,188
party_list_34_1_43,146
party_list_34_1_44,50
party_list_34_1_45,64
party_list_34_1_46,33820
party_list_34_1_47,113
party_list_34_1_48,2056
party_list_34_1_49,340
party_list_34_1_50,10
party_list_34_1_51,43
party_list_34_1_52,25
party_list_34_1_53,0
party_list_34_1_54,19
party_list_34_1_55,10
party_list_34_1_56,38
party_list_34_1_57,38
party_list_34_10_1,616
party_list_34_10_2,4389
party_list_34_10_3,743
party_list_34_10_4,189
party_list_34_10_5,680
party_list_34_10_6,759
party_list_34_10_7,75
party_list_34_10_8,229
party_list_34_10_9,9462
party_list_34_10_10,267
party_list_34_10_11,2896
party_list_34_10_12,616
party_list_34_10_13,328
party_list_34_10_14,63
party_list_34_10_15,58
party_list_34_10_16,173
party_list_34_10_17,82
party_list_34_10_18,29
party_list_34_10_19,37
party_list_34_10_20,195
party_list_34_10_21,43161
party_list_34_10_22,321
party_list_34_10_23,74
party_list_34_10_24,135
party_list_34_10_25,39
party_list_34_10_26,65
party_list_34_10_27,1146
party_list_34_10_28,106
party_list_34_10_29,172
party_list_34_10_30,133
party_list_34_10_31,477
party_list_34_10_32,148
party_list_34_10_33,85
party_list_34_10_34,58
party_list_34_10_35,72
party_list_34_10_36,75
party_list_34_10_37,5520
party_list_34_10_38,224
party_list_34_10_39,40
party_list_34_10_40,64
party_list_34_10_41,51
party_list_34_10_42,54
party_list_34_10_43,95
party_list_34_10_44,18
party_list_34_10_45,41
party_list_34_10_46,11557
party_list_34_10_47,56
party_list_34_10_48,226
party_list_34_10_49,89
party_list_34_10_50,557
party_list_34_10_51,61
party_list_34_10_52,14
party_list_34_10_53,15
party_list_34_10_54,14
party_list_34_10_55,44
party_list_34_10_56,34
party_list_34_10_57,81
party_list_34_11_1,462
party_list_34_11_2,1552
party_list_34_11_3,3089
party_list_34_11_4,505
party_list_34_11_5,981
party_list_34_11_6,1680
party_list_34_11_7,294
party_list_34_11_8,558
party_list_34_11_9,13111
party_list_34_11_10,394
party_list_34_11_11,4913
party_list_34_11_12,569
party_list_34_11_13,506
party_list_34_11_14,72
party_list_34_11_15,85
party_list_34_11_16,272
party_list_34_11_17,185
party_list_34_11_18,30
party_list_34_11_19,54
party_list_34_11_20,63
party_list_34_11_21,6554
party_list_34_11_22,71
party_list_34_11_23,115
party_list_34_11_24,317
party_list_34_11_25,57
party_list_34_11_26,120
party_list_34_11_27,2921
party_list_34_11_28,171
party_list_34_11_29,307
party_list_34_11_30,134
party_list_34_11_31,284
party_list_34_11_32,255
party_list_34_11_33,202
party_list_34_11_34,151
party_list_34_11_35,142
party_list_34_11_36,204
party_list_34_11_37,16830
party_list_34_11_38,300
party_list_34_11_39,58
party_list_34_11_40,110
party_list_34_11_41,34
party_list_34_11_42,157
party_list_34_11_43,178
party_list_34_11_44,34
party_list_34_11_45,70
party_list_34_11_46,17866
party_list_34_11_47,162
party_list_34_11_48,1146
party_list_34_11_49,143
party_list_34_11_50,64
party_list_34_11_51,43
party_list_34_11_52,20
party_list_34_11_53,14
party_list_34_11_54,41
party_list_34_11_55,29
party_list_34_11_56,43
party_list_34_11_57,71
